product_name,gw_sku,amazon_url
Adrax Agatone,63-01,https://www.amazon.com/Salamanders-Adrax-Agatone-Warhammer-000/dp/B08HR5R3FB/ref=sr_1_1?crid=1P32VQKV20W9U&dib=eyJ2IjoiMSJ9.iuEvjVW33BaC3SS3tHf0YpibaBrHDwuMkZG-FDADKAqX85JciDsZRlaHLyhUShwTuxa5X9elB-JiV50cLJa-14S30Q_hdPRwPN8ei05DSf-Bcx-PlkDIL73MVakhwtyDmy1e3P2IgkC6UsoyDLl4LbsDa4dz1orPDSjThsy1xo1R7xtNoLeoodFLV4dPQYc5f__rNI7Rip6F3foZ3lwg5mM1iHWEoOQqYcIXdFNTWu9Q6wZAbYIeGl509ucbRl-Pco1cLyNY8y-dfM7aXagskLGkXDqAFIVVpnjOu0gTYnY.Lsr14KHOwSyWb3Tkr6BK63KFksmEIL9y8ll8nES-RSU&dib_tag=se&keywords=adrax+agatone+40k&qid=1777814232&sprefix=adrax+%2Caps%2C197&sr=8-1
Aeldari Guardians,46-09,https://www.amazon.com/Games-Workshop-46-09-Warhammer-40k/dp/B09TG2LS1N/ref=sr_1_1?crid=VTKOTD8W2DRH&dib=eyJ2IjoiMSJ9.m0c48SDfP0kARUBmwGY1JVfQJ7hpvrm77y_Wl8zWwcCjO6P5V4mSqG00u1qeyW9fPgiFjc3ebco5c0vpjQaC2uXhru1upXiHxYe4uK286cA.ZidVljGTK7VN_Fb6myFUNumPu6p9fiyQ1T_S_InXrZk&dib_tag=se&keywords=aeldari+guardians&qid=1777818825&sprefix=aeldair+guard%2Caps%2C185&sr=8-1
Aethon Shaan,62-01,
Ancient in Terminator Armour,48-99,https://www.amazon.com/Games-Workshop-Warhammer-Ma ... =Deathwatch+Terminator+Squad&qid=1773338159&sr=8-7
Annihilation Barge,prod4390158,https://www.amazon.com/Warhammer-Necrons-Catacomb-Command-Barge/dp/B08HSTJXW3/ref=sr_1_1_mod_primary_new?crid=QDXJ0C7I9GQ8&dib=eyJ2IjoiMSJ9.GdCbK6l-zP8n62XPaniUDtJctfT6LYgaDv6JxNudYLc.qLk0ye6nQDuQBUey0u4BaujApYoV-x-gjkLmMvrAm9k&dib_tag=se&keywords=Annihilation+Barge&qid=1777818967&sbo=RZvfv%2F%2FHxDF%2BO5021pAnSA%3D%3D&sprefix=annihilation+barge%2Caps%2C211&sr=8-1
Arjac Rockfist,53-21,https://www.amazon.com/Games-Workshop-Warhammer-Wolves-Rockfist/dp/B0FF4WDW37/ref=sr_1_1?crid=UXABTRKTWBCK&dib=eyJ2IjoiMSJ9.Zw2QKZF8VeJXJhzSAs60GgF6itoCr2k7PLnpNDBPAvox3a3WiMftxhXSOp82XbYxDS0UbxsmMxaiTGdZN0JnlMAd-YeswoCMxRWY3tRdW_4.9npA9Tbb3qvmkvnkLLQMtJ53Rs8yFAcCcksyNOfkSJg&dib_tag=se&keywords=Arjac+Rockfist&qid=1777819030&sprefix=arjac+rockfist%2Caps%2C288&sr=8-1
Arkanyst Evaluator,P-222999-99120118025,https://www.amazon.com/Leagues-Of-Votann-Arkanyst-Evaluator/dp/B0FL3MVTG8/ref=sr_1_1?crid=2GQ0U1FR29ND8&dib=eyJ2IjoiMSJ9.ysbcz3XTf9kx99Y628EppQ.nLN3VMSpmE0sM1KmoXwmtb4Ra2m1wEJ54bCQ0ZeWwnQ&dib_tag=se&keywords=Arkanyst+Evaluator&qid=1777819054&sprefix=arkanyst+evaluator%2Caps%2C251&sr=8-1
Assault Intercessors with Jump Packs,48-100,https://www.amazon.com/Games-Workshop-Warhammer-Intercessors-PlayStation-5/dp/B0CJS353L5/ref=sr_1_1?crid=3AS52GX7TSMN&dib=eyJ2IjoiMSJ9.JPlXbL8iHWNa4JiQ7USsLgYAIw2JcI1EKcIq5LfAJXoa7-1bm4Ykfe1A2qDFlTgl.-TuVU9tgeN1H5d7GgY2Xnr8rTfHx4JD597yg16dS4M8&dib_tag=se&keywords=Assault+Intercessors+with+Jump+Packs&qid=1777819077&sprefix=assault+intercessors+with+jump+packs%2Caps%2C275&sr=8-1
Astra Militarum Basilisk,47-17,
Asurmen,P-203616,https://www.amazon.com/Warhammer-40-000-Aeldari-Asurmen/dp/B0DV3YNRHV/ref=sr_1_1?crid=1AEIKAMWH9Z0S&dib=eyJ2IjoiMSJ9.My30HwLPVhE5abBD3x_uKaOjowciQq53QcxP1PzcYEGKPsguQkB23GxI8XDJUiKcDpGDE_j0QC8T5l4T8psOOA.dC9U82GlBSFUYmtFMHaDsUJxUPVlooP8LAKfSQ2o-pg&dib_tag=se&keywords=asurmen&qid=1777819147&sprefix=asurmen%2Caps%2C243&sr=8-1
Autarch,prod4900146,https://www.amazon.com/Games-Workshop-Warhammer-Aeldari-Autarch/dp/B09W2RYZ53/ref=sr_1_1?crid=3ANQUC68FZFJR&dib=eyJ2IjoiMSJ9.rhC72qaBK4Ve5DcJIqk7ZyZQso4S4ggalrdk0jyw7GM3hxXfhR5zwZIcZpd5fZzCFZJKBdSyUoH38uoxT6rQJIlvuKQucTdK_ARIQ3fkMGNtRIynV6h6nGox4k0Z55wDEHUyYUW_5TuE326iHwsItSsm0L888col7xTTsclAQ6LTuJ9kEW2Ol_PTONBehwkimDQ0xhRqshIXU2pMyHc_lcoKTcOmcL3WUlBqis43f7vo7KIptkgpVEJ5e4aN57SID5YzqFsjMwke0OYHi0fe8mtXiZBI3x9RELImKdeqr5k.h8pdy-Arm5KRJ2p4BonD3HOdi67RqVJaLbnq8gT2q-g&dib_tag=se&keywords=autarch&qid=1777819165&sprefix=autarch%2Caps%2C232&sr=8-1
Autarch Wayleaper,prod2810200,https://www.amazon.com/Games-Workshop-Warhammer-Aeldari-Autarch/dp/B09W2RYZ53/ref=sr_1_1?crid=3ANQUC68FZFJR&dib=eyJ2IjoiMSJ9.rhC72qaBK4Ve5DcJIqk7ZyZQso4S4ggalrdk0jyw7GM3hxXfhR5zwZIcZpd5fZzCFZJKBdSyUoH38uoxT6rQJIlvuKQucTdK_ARIQ3fkMGNtRIynV6h6nGox4k0Z55wDEHUyYUW_5TuE326iHwsItSsm0L888col7xTTsclAQ6LTuJ9kEW2Ol_PTONBehwkimDQ0xhRqshIXU2pMyHc_lcoKTcOmcL3WUlBqis43f7vo7KIptkgpVEJ5e4aN57SID5YzqFsjMwke0OYHi0fe8mtXiZBI3x9RELImKdeqr5k.h8pdy-Arm5KRJ2p4BonD3HOdi67RqVJaLbnq8gT2q-g&dib_tag=se&keywords=autarch&qid=1777819165&sprefix=autarch%2Caps%2C232&sr=8-2
Avatar of Khaine,prod4900143,https://www.amazon.com/Games-Workshop-Warhammer-Aeldari-Avatar/dp/B09W2Q6N78/ref=sr_1_1?crid=14K5YVAJ27MFI&dib=eyJ2IjoiMSJ9.HH6viV50HRC3Y_s1qfHQnDIwk95giyiWQOHLa0J1ofWr6XVmljAiEYSYvMCdlhR-7E9HsQ2omlGDbdw2JH9yoWnSLur6Vq0N_guKrEfnoNn6eU62rFMZgUyXwFJl4ICF7iFxK3HWEl95JV73MLWD0WYR6ScEUDHgiqFHP5JHwtg.YCpxAAweS0-Zi3pjw2JnYsu780Bvd3z_YEn0HbE-dWY&dib_tag=se&keywords=avatar+of+khaine+40k&qid=1777819206&sprefix=avatar+of+kh%2Caps%2C217&sr=8-1
Baharroth,P-203620,https://www.amazon.com/Warhammer-40-000-Aeldari-Baharroth/dp/B0DV3Z2S1H/ref=sr_1_1?crid=318BGT9SKWN46&dib=eyJ2IjoiMSJ9.293P6sgZGirDIsaOz6ysmbYukjRHcfql8KoBj9JLlWzGjHj071QN20LucGBJIEps.WAGEsdu_WFz0U29vfU47OMU8El1RnImYQgNZmZ9tzEY&dib_tag=se&keywords=baharroth&qid=1777824831&sprefix=baharroth+%2Caps%2C313&sr=8-1
Beastboss,50-23,https://www.amazon.com/Games-Workshop-Warhammer-000-Beastboss/dp/B09F3XD3RY/ref=sr_1_1?crid=31SKWVQ49D1BF&dib=eyJ2IjoiMSJ9.Q_wb3IUEIzLRCglXneHBdUEGMkiFOZ1-WDC2sr8uyVv8OoFmI6FLiFOPzGusiFq2zRcNAVFRJMSRnkEL2YIHpivStaT1M7nEzlXUxTviUfjQ2RCDGIHiTSlsHRqWXsTmlpIJNiMcamAU7vQWuP8PIv6SiIaY4BIazW8BOM3BriIj8Zodl9DjYH-EkdyRA45ygmNuNIEF6YMdHPH7YriDtM04xFLQC9iV59ddS9LGBIw.0foYvtkCH4MMjf73-moA_7HIz0ZgDSCU63p5ytb96kE&dib_tag=se&keywords=beast+boss&qid=1777824855&sprefix=beast+boss%2Caps%2C198&sr=8-1
Beastboss on Squigosaur,50-24,https://www.amazon.com/Games-Workshop-Mozrog-Skragbad-Miniature/dp/B09H4K1B9X/ref=sr_1_1?crid=27J07OUE08EST&dib=eyJ2IjoiMSJ9.so3vjpCD2KOKGh6Ey8sdHg.zKC2r4V6J2ENvEHQ9zP24G2FmrIxnhZNJrOrHsN3Nh4&dib_tag=se&keywords=beast+boss+on+squigosaur+40k&qid=1777824869&sprefix=beast+boss+on+%2Caps%2C168&sr=8-1
Beast of Nurgle,prod3700246-99129915062,https://www.amazon.com/Daemons-Nurgle-Beast-Warhammer-Sigmar/dp/B09PTTPRH5/ref=sr_1_1?crid=172Q7BDX3QSQ1&dib=eyJ2IjoiMSJ9.BVAQCnrZJr7Esgf2X0jr-OT4SguFubiK_PFSepNMgeujTooRCSywcNKj0R4PHH1jqxkiNLA3D7Be2ZT6BsE0DqXQgaAcfGTlM0YGsX7c7U4Pp5toXedvR9eWJIk8goibRr28BMI-orR-xBhnznnWezCC1Qn0IaR267WuGe7v-D-Mecxz_szfmucnI48Yktp_kOmlMEuNPz9Z3LhfhY1Vy2Tsg47M-i43B1ODsNL3og5jdIXra-ItPtUo-mGC-ZBmz3apbAASnz_UPG3Gl0ChUSKh5-LcnWzEyyLykJv-znk.2YtGG1P7-ggCbNkrVAYgH5xsYQzE89nDfwqkN7Hx-gM&dib_tag=se&keywords=beast+of+nurgle+40k&qid=1777824895&sprefix=beast+of+nur%2Caps%2C190&sr=8-1
Berehk Stornbrow,P-240930-99120118028,https://www.amazon.com/Games-Workshop-Warhammer-Leagues-Stornbr%C3%B6w/dp/B0GQVX8HCP/ref=sr_1_1?crid=29UJFCVHFTM48&dib=eyJ2IjoiMSJ9.T9mjepYe3WpMRMpOcHbcrQ.9MfPV81JBqCzGkpkcTBYavXt7efkUiMyoDtbqYv4taI&dib_tag=se&keywords=berek+stornbrow&qid=1777824937&sprefix=berehk+stornbrow%2Caps%2C249&sr=8-1
Big'ed Bossbunka,50-25,https://www.amazon.com/Games-Workshop-99120103082-ORKS-BOSSBUNKA/dp/B09F4MBYRJ/ref=sr_1_1?crid=2H2MUEFYBC8FR&dib=eyJ2IjoiMSJ9.RXnvwLTRqIGW98u4RaqrLA.88wHeMJbvgzkr3HHoY3JBAM1m-VlHOcQrWGXPgEn7m0&dib_tag=se&keywords=Big%27ed+Bossbunka&qid=1777824958&sprefix=big%27ed+bossbunka%2Caps%2C174&sr=8-1
Big Mek,50-26,https://www.amazon.com/Warhammer-Games-Workshop-40-000/dp/B0D63FQV1H/ref=sr_1_1?crid=2MI1ARA3ZPCVK&dib=eyJ2IjoiMSJ9.zHz_ksr3DP5qvCC8_4jycMA1XlYKaQatWC9FOPu8yTRsxf327ad-FlaJu9ppyEOSbdjFeMu-RDyY9R5qCBh_eXczZYdPHtSEOWEGUXN9dPt1IRzAFqw-1voKVE2MWeaqoZGH2oqIxAWNOPyfjyeJpJHdUlMCPLt7f6pb6DcfirMkHmRhlTx6crpKKfWyMo3R-FHetQl3vQ_MHDMtDftwuYX3PacQacEVjZx7qD92CBbpanC0dwW5p6X7jsc9vPukVpe-JeRZ1nwRUyW99GzkhqXpOWXr1IEY07TXhQGSv2c.fOmKYfWjSYlX1zbBWTTkw2kIZIx59QEr_oPPOb8pX1g&dib_tag=se&keywords=big+mek&qid=1777824978&sprefix=big+mek%2Caps%2C201&sr=8-1
Big Mek in Mega Armour,50-27,https://www.amazon.com/99120103035/dp/B00LKE10EK/ref=sr_1_1?crid=UX60HDOCW19Q&dib=eyJ2IjoiMSJ9.HQKB8AYxL_e_PPT1syBEcP3s7ZZ7K8qqPpwjxqbDUzBrp1X8jRYcWUzq4tM8B3nee9UmjijFw2xLDqETEjIKSQKq0TW4WLFIA3DIhDNVaV4.l29mtmr0AUYuhRUbMKSEh2ezegtuPEPkb1aSYm3kvyU&dib_tag=se&keywords=big+mek+in+mega+armor+40k&qid=1777824992&sprefix=big+mek+in+me%2Caps%2C167&sr=8-1
Big Mek with Shokk Attack Gun,50-28,https://www.amazon.com/Warhammer-Games-Workshop-40-000/dp/B0D63FQV1H/ref=sr_1_1?crid=1S0ZZGT14AUMD&dib=eyJ2IjoiMSJ9.zIFQqMGnIuXlpZ73kpxvBX3GRCdK_wwtNufQs_3UfVRjpRM3PyHn6NnH2HgbhSm-5mIXg80sPb11F3jwCGnuCZUQ3tale9zD4-H7VNk8VoeTqVByZ3K_tj8Ev6g6XZ_VS9rhpDewjyGk5PoI2Pvgcg.RFkZvRbk8o19jsEOZHzTjo8qPSm16SyUqEFTQQrkHcw&dib_tag=se&keywords=big+mek+with+shokk+attack+gun+40k&qid=1777825048&sprefix=big+mek+with+sh%2Caps%2C194&sr=8-1
Bjorn the Fell-handed,53-22,https://www.amazon.com/Games-Workshop-Venerable-Dreadnought-Warhammer/dp/B08K7PCLWD/ref=sr_1_1?crid=LOX8R3G0S054&dib=eyJ2IjoiMSJ9.lU9z8r2hqStVdUL-UTCbKatjPjRjGQO6hwZHhJfFxVpM-oW79IW0Slho8X-BZ6tVhZ-gIhVjFBt6tRnVOiLAggjuspqQQysgXsqI1rW2HzQ0_sWC8re_uN6elHXX2lKGQXpD76TQicvZu5enug4z6Q.xQVjIBabVD4ZYsJeL1YivTCurHIKNAMgq92IUfQeDi8&dib_tag=se&keywords=Bjorn+the+Fell-handed&qid=1777825096&sprefix=bjorn+the+fell-handed%2Caps%2C178&sr=8-1
Blitza-Bommer,50-29,https://www.amazon.com/Orks-Dakkajet-Warhammer-40-000/dp/B09HJWQWB7/ref=sr_1_1?crid=1TKUVZ9H66CQC&dib=eyJ2IjoiMSJ9.VtHsCZsuWv1Pe2k4LQNDRQ.QFibrS-mfAVZPXcMZo_f4DMqhEJoeSE-i0zFcEpFbkA&dib_tag=se&keywords=Blitza-Bommer&qid=1777825112&sprefix=blitza-bommer%2Caps%2C181&sr=8-1#customerReviews
Blood Angels Captain,41-26,https://www.amazon.com/Games-Workshop-Warhammer-Angels-Captain/dp/B0DJFGCLBW/ref=sr_1_1?crid=1B77M09QAYT&dib=eyJ2IjoiMSJ9.yRcfClcNpHLI7wFIRuwqwdiVtPd6XsgLlsyMB0dZsbNVQGG1EyYVfnw8M4WUUrO51ULdfMgCmC1UcPDaTeB5HVoOIfE4vMqAVsgPxa_bZE-kNDmeuZEu85jsqObVHAXtxu_gvi246F7t3p2OxM0mikPa8iZsFLeGHY_cR8o-J2iSAlaYs9GoEZVJ2K81TfuTM3rkNcS1kvDl2xjV1PENY-uAI6s-8vc48bpkeacWrF9qHDJaT0whv1qEkxFJJpRwtXmNSHU8Gut25gYyY6ie8QremuL697iCn_1jt7vyvZo.4GuhlRrg5SFBA7E5fzYo8R6oU8czI3nSWqd-TkceSM4&dib_tag=se&keywords=Blood+Angels+Captain&qid=1777825175&sprefix=blood+angels+captain%2Caps%2C253&sr=8-1
Blood Angels Chaplain With Jump Pack,41-27,https://www.amazon.com/Games-Workshop-BLOOD-ANGELS-CHAPLAIN/dp/B018KKGP3W/ref=sr_1_1?crid=242M8NP36F7Z0&dib=eyJ2IjoiMSJ9.m9xNNTL3ymlGdcYZxce-NLuX6DducUbkwCDpsNMuZdMan0uyCZLcxMLdRIsIKl1F.28FLw_uuaIgcpIQIcdyj35CQ4mFp7OMGt54x4r4G6GQ&dib_tag=se&keywords=Blood+Angels+Chaplain+With+Jump+Pack&qid=1777825202&sprefix=blood+angels+chaplain+with+jump+pack%2Caps%2C186&sr=8-1
Blood Angels Librarian in Terminator Armour,41-28,https://www.amazon.com/GAMES-WORKSHOP-Warhammer-000-Terminator/dp/B0CBKL1G2B/ref=sr_1_2?crid=DPBNGTDCTF2K&dib=eyJ2IjoiMSJ9.lUF3f0_kNeB6CMNxEydznougnZcmKP263P1_uuCMhoQvOb9TiYLg67CCyaadNFlRf1UoluYkmCWpfgm8ZIIaUxz0iFq0b4uPOPMoF-ur_uY.iigzomhvw0m8NMUG2IeGIuHu9ATNnPLCajzhWCzLcSI&dib_tag=se&keywords=Blood+Angels+Librarian+in+Terminator+Armour&qid=1777825223&sprefix=blood+angels+librarian+in+terminator+armour%2Caps%2C192&sr=8-2
Blood Claws,53-23,https://www.amazon.com/Games-Workshop-Warhammer-Space-Wolves/dp/B0FF4TF6X1/ref=sr_1_1?crid=1UKFRIDBMHLND&dib=eyJ2IjoiMSJ9.JvZReHxJylj2IDCxLdn4ah_WfxSOxu-jmB6rvr857HKS9mYDO-Wes3FTS3KG3rec6RDpPGQSs8a3UR_61OJ5LB0Gl1rLvocevTcZDR3wBS5_Mslk75ibkygsGB1WeYPMI7UthkFA366gGpLJxBge1RnRffxAsp1HK_TR_uw5zH6CvJY8wI_oSL2tCwwbMX-7Jh-HzbAW2uKUgMd7ivTiPpHs8P_G_nsnYGGQ_bfx5KU.ToJ0LJjdQD8-deM1x-Dk28LwQYURU2rWHZg-cTmveeA&dib_tag=se&keywords=Blood+Claws&qid=1777825257&sprefix=blood+claws%2Caps%2C164&sr=8-1
Bloodcrushers of Khorne,P-KHORNE-BLOODCRUSHERS,https://www.amazon.com/Games-Workshop-Warhammer-Daemons-Bloodcrushers/dp/B01B6LPYH0/ref=sr_1_1?crid=1PUV81BFGB3OT&dib=eyJ2IjoiMSJ9.G2BqGtz4N8rVb3ZiPeqJNGl__kyxFcSba9OAeXJ4djWcYa3Y2yfBEvLmTWw-2Z_0R5Jm29R6V--RWrh6gjg8TEHkR_ehDf3vjnitQcFJ3o5BxafOcEgHgwfNKkfVtqH_pNERcr3uCwnjUe6THOp817yuHHhVHJZISODg10ILbVkNUcXjyV9FTFuiaVBYIhUSJxu-eVKwomlIp5beNYmDEQENyL1KnwD5QDfyWlZiAYGYPWbSx-ycjqdDYMdIRaxCqLsY5vJIyAT4fhxi-OlkMcaMePTvVA3bQu5wYEkgSmw.A6JvcgMHaIezh9TgZwPNUiHeJhyM7i5NPrSIonpkh_g&dib_tag=se&keywords=blood+crushers+of+khorne&qid=1777825275&sprefix=bloodcrushers+of+khorne%2Caps%2C174&sr=8-1
Bloodletters of Khorne,P-KHORNE-BLOODLETTERS-40K,https://www.amazon.com/Bloodletters-Khorne-Daemons-Warhammer-Fantasy/dp/B0018OALAQ/ref=sr_1_2?crid=565D4VZB2RRZ&dib=eyJ2IjoiMSJ9.abJk5tET27kABWDKrmKqnb5_srrCT4DERvqvHqh3IsBiTSH79VSIFzglR1CAdXsrJUuBvj__9cG4Q-BceuHaOmCTTsatmFn_Syb7P_uEEqgAyT27ZVbtx6umpj1CxjDRZawX72KTDNlv7HNJ6xY1kdKS6G7FenE3IMn3-DbKw1HDYQ3Vq08aHnpiHXW_UYBwSu1K8H1Xu-OZQ_tMwgEuEAs6sNHaq2Bk_cf4BQS2_R1Ne0OkGNuLfBPJ6JJLdq0UUFOBfKYOQRkJdeFiWNNumvkOeqLi-LRkvETGmZN5eIU.Hh1wtbkg6rjwRmEf3XxmgFBU5vcR5IQ7xQiI18vRfBw&dib_tag=se&keywords=Bloodletters+of+Khorne&qid=1777825296&sprefix=bloodletters+of+khorne%2Caps%2C174&sr=8-2
Bloodthirster,P-KHORNE-BLOODTHIRSTER,https://www.amazon.com/Games-Workshop-Blades-Khorne-Bloodthirster/dp/B0FR56QT3T/ref=sr_1_2?crid=J1JE6UXD7DZL&dib=eyJ2IjoiMSJ9.o03BJYTHUFj8XGQrjjSERcGKeqmQdFRmOHqpaToR3Yqie6bJWDMkE_Z2ihzTLW6wB2wv5qaOUrtiVUv7STMAgZ6ZME7Y1saO3OOfVusnYbHmgOXZ99_lGZhm-P_Vb3v21msTFVwfCrq4KUEC4E7eyF1c-Z8OumntG2db3tJLoqjZaMriawpiK5NT-d9ATcCpG48X-Ixm201gjSOlCfFW8JhRRtjO-Vwajc6tu_PS9fNzrn7oFlmUgXlK3c7EX-RBY7lzfVxLdKTT13pG2aF2JWe_dnAPYlmEtv6EwQtiBhA.a7qlvp8VhY8J8erI8j24Xm8cKFbIX5qSKXYshcgLr1Q&dib_tag=se&keywords=Bloodthirster&qid=1777825316&sprefix=bloodthirster%2Caps%2C202&sr=8-2
Blue Horrors and Brimstone Horrors,P-TZEENTCH-BLUEHORRORS,https://www.amazon.com/Games-Workshop-99129915029-Warhammer-Brimstone/dp/B01MZH3ZZ9/ref=sr_1_1?crid=1HCUGUCFKMAY5&dib=eyJ2IjoiMSJ9.e3UuSER595uXcOfQyIk07B259uM4pB3dYi_K5VUqzeo.iMzASuqe1HZgIXsavm7gMmRuKRlLWgN7lsQ0wUp3InQ&dib_tag=se&keywords=Blue+Horrors+and+Brimstone+Horrors&qid=1777825341&sprefix=blue+horrors+and+brimstone+horrors%2Caps%2C220&sr=8-1
Boomdakka Snazzwagon,50-31,https://www.amazon.com/Orks-Boomdakka-Snazzwagon-Warhammer-000/dp/B09FYRBR66/ref=sr_1_1?crid=19BE3DIQSOVNL&dib=eyJ2IjoiMSJ9.dpd14Ikp3PCQ5w-41j-5UnQAQyjUtm937_mZ0TB2OdY.ELjJV_F5EPkH76VDbkNPHJUnl_vcRF3zsl-7BVm-Qsw&dib_tag=se&keywords=Boomdakka+Snazzwagon&qid=1777825358&sprefix=boomdakka+snazzwagon%2Caps%2C189&sr=8-1
Boss Snikrot,50-32,https://www.amazon.com/Warhammer-40-000-Orks-Snikrot/dp/B0CB1B4L5D/ref=sr_1_1?crid=1ZTJB7EW2Z2G2&dib=eyJ2IjoiMSJ9.pzZ5_m-zEB7mnO-TgM36mk3zQQFeIk6XViE191c-wP9Z3beAILleUdtdrPpwsZus.4Xh9sQBi1dEGVumnIMpMoPlcmcRpOOYIvq5ol0XA3Kg&dib_tag=se&keywords=Boss+Snikrot&qid=1777825371&sprefix=boss+snikrot%2Caps%2C163&sr=8-1
Brokhyr Iron-master,prod5000444-99120118010,https://www.amazon.com/Warhammer-40k-Leagues-Brokhyr-Iron-Master/dp/B0BK9MRJP3/ref=sr_1_1?crid=35NNYPV5AVVPA&dib=eyJ2IjoiMSJ9.3-dVGxgWO5dAXJC5AURKhhcayZCN5up_SmICGH-3iWI.7QDLNSgbK5OQuiOV9KNfFoJUyPmUEdjJ3tsctwqVa2I&dib_tag=se&keywords=Brokhyr+Iron-master&qid=1777825388&sprefix=brokhyr+iron-master%2Caps%2C183&sr=8-1
Brokhyr Thunderkyn,prod5000439-99120118005,https://www.amazon.com/Warhammer-40k-Leagues-Brokhyr-Thunderkyn/dp/B0BK9JF6SM/ref=sr_1_2?crid=35NNYPV5AVVPA&dib=eyJ2IjoiMSJ9.3-dVGxgWO5dAXJC5AURKhhcayZCN5up_SmICGH-3iWI.7QDLNSgbK5OQuiOV9KNfFoJUyPmUEdjJ3tsctwqVa2I&dib_tag=se&keywords=Brokhyr+Iron-master&qid=1777825388&sprefix=brokhyr+iron-master%2Caps%2C183&sr=8-2
Buri Aegnirssen,P-223003-99120118019,https://www.amazon.com/Games-Workshop-Warhammer-Leagues-Aegnirssen/dp/B0FL2YZDWT/ref=sr_1_1?crid=2KJPU1WQQXJOS&dib=eyJ2IjoiMSJ9.Np8dCJUQu8PwqQDy5F1T-A.1E7prijDiVDeA9LPMvO55hrQ5VVqx_PIJvx4qRo57eE&dib_tag=se&keywords=Buri+Aegnirssen&qid=1777825422&sprefix=buri+aegnirssen%2Caps%2C174&sr=8-1
Burna-Bommer,50-33,https://www.amazon.com/Orks-Dakkajet-Warhammer-40-000/dp/B09HJWQWB7/ref=sr_1_1?crid=2H2CPBNB64A9E&dib=eyJ2IjoiMSJ9.VtHsCZsuWv1Pe2k4LQNDRQ.QFibrS-mfAVZPXcMZo_f4DMqhEJoeSE-i0zFcEpFbkA&dib_tag=se&keywords=Burna-Bommer&qid=1777825433&sprefix=burna-bommer%2Caps%2C190&sr=8-1
Caanok Var,61-01,https://www.amazon.com/Games-Workshop-55-59-Iron-Hands/dp/B0FTZZV9PM/ref=sr_1_1?crid=3TNU82O5M6IHI&dib=eyJ2IjoiMSJ9.J1mcKtaSLNfqDzy8M4ASNJ_p6pyf0tQxEhMc_BboLUcBOfvArOfCmQsNZx269knJFFa00uSd1F3RPQDsXG3QJrRXDnvbXbyXdpbBsZ3kiKszXkKOBKKsb-Nm1ked45b--_g0-q8hIgCvgYuJYBEweJ_mPNrZ0feAm_ZkHPfw6GlwJTW2JBkkwn9ywslZaCfj0B6rzZPiMskXWH2Snde3A05A3XPbgseY6hi_jqpwuDexJsOOe9YbuSOvzK0Br-upFQmXJEv5_HWaCFWrP0JwsJMefR4iSf9L80BY0v1hM6I.dl6539km_9Q4awlycTdCz3sVdTyrdIS601qB5wBTxX4&dib_tag=se&keywords=canon+var&qid=1777825452&sprefix=caanok+var%2Caps%2C304&sr=8-1
Canoptek Doomstalker,prod4390146,https://www.amazon.com/Games-Workshop-Warhammer-40k-Marauder/dp/B08KHNGVCX/ref=sr_1_1?crid=32PJVDXN5NT6U&dib=eyJ2IjoiMSJ9.YD7D3CZcLbcro90xN-rcpQBlOsBwkdIofmJSfSfqiy8rRBdeXVPsLk-HEKWH7wQsQdnv1g8_6ojF4WgfKD-q7vqW_nJ3SG99vgYueNEUz1I.5tyMrv1_W-FO8ARjTaHl0AXGeKSeA3t3x5hFdcdkhkc&dib_tag=se&keywords=Canoptek+Doomstalker&qid=1777825467&sprefix=canoptek+doomstalker%2Caps%2C164&sr=8-1
Canoptek Wraiths,prod4390156,https://www.amazon.com/Warhammer-40-000-Necrons-Canoptek/dp/B08GBYFKSC/ref=sr_1_1?crid=32FPSS6NTALIZ&dib=eyJ2IjoiMSJ9.LrgtEhmVBTyF1cUDHJh8oJOeM-nM1LyCRrM4dBRad7sAmO_kmqunxj5oH9Y1XoYYXLV_1Pivznv2Un8C2vT7XJkWiup6AF5TKS5qbbeR_Sr3g5SzApXwcPe8c-7bN6yFkdh4jI3rYoXQTrNS2Fq3Aw.qChpYX_POLkP-kKw7Fr2wLqC3fyu9JRZgmZq27-gWhQ&dib_tag=se&keywords=Canoptek+Wraiths&qid=1777825481&sprefix=canoptek+wraiths%2Caps%2C212&sr=8-1
Captain in Gravis Armour,48-101,https://www.amazon.com/Games-Workshop-Warhammer-Marines-Miniature/dp/B09RGCPT3L/ref=sr_1_1?crid=NNI05ILYCVPJ&dib=eyJ2IjoiMSJ9.QQ04Oyd6r4smPejheCWoLGJmLQ2GPSw0t4BM-QmfDs0FE2I2dxLOoRn9ScRXm_-I8HyLiRMmDsFd8FYjdvcXCV99E6KufUHUxe6yXaBbVI2a7woSOo9yiizMGOjBpIW12oEMECByswepuUVMHWknz5JXeEt23eKePECWruGbdrxEfPVNSUB0fmMrPdFjdsBgeq2N0B10Sjs1Cyc4PNFFPpWxusFNPFDmJKUvBAmXJB8.Wr_LK6qm7RCX2qbkj_2qj_Z-qUz1nqStokbBMgCvxFQ&dib_tag=se&keywords=Captain+in+Gravis+Armour&qid=1777825494&sprefix=captain+in+gravis+armour%2Caps%2C172&sr=8-1
Captain in Phobos Armour,48-102,https://www.amazon.com/Warhammer-Marine-Captain-Phobos-Armour/dp/B08FZSLZT1/ref=sr_1_1?crid=3HXB5R4U6LJVC&dib=eyJ2IjoiMSJ9.dmEnu0N910x0krxanZb4uUpTRS4dEBEXNW11Vmgq3oLU_ZRIO542YiW2wFWURoqdFP2sVr7DnEq7rlZP0__AdCGhk2dx7wt5bbfigFln5J8.GxttQB8vjVKvH1YFzmBFyLBIub4Xo-OosCc0iWk8zIo&dib_tag=se&keywords=Captain+in+Phobos+Armour&qid=1777825520&sprefix=captain+in+phobos+armour%2Caps%2C206&sr=8-1
Captain in Terminator Armour,48-103,https://www.amazon.com/Games-Workshop-Warhammer-Marines-Terminator/dp/B0CVRZKPV3/ref=sr_1_1?crid=OY6Y03XRZY0U&dib=eyJ2IjoiMSJ9.cO1yEk_ajiN5s2Heccz-L2fsrqyrOt46VGU0dboOCtcJaNIDSJuzYdfPged7JIHMXgDhFfQGMx3cibZm9ZwRzCEUNKUiZ2Qq3plegzx4PUVbu2WBKWpS3Z_mon5FON8DykEHDhriOdnq8XAVvu0zsL4leRvgcbOJtm4CDUWyl_U.lzHk67Sq8ZR7qtlD4RZx1T7UqS3vzUbq4kMu1CXUAHQ&dib_tag=se&keywords=Captain+in+Terminator+Armour&qid=1777825533&sprefix=captain+in+terminator+armour%2Caps%2C212&sr=8-1
Captain Titus and The Wardens of Ultramar,55-31,https://www.amazon.com/Games-Workshop-Warhammer-Marines-Ultramar/dp/B0GF8W95HF/ref=sr_1_2?crid=7C992ONH2Y9K&dib=eyJ2IjoiMSJ9.c0OpMPvq8EF4QnXm_HA6bptlGbrwEqDnOxYDEJP0NAGk_PULh4_-bKstEa5wMpmiaUqdgaM__jrJoU8RFZHcrsx6yyqdu-pl5gUSMkMUP_EAWGL10Zn28Yn-XbgZwjuF0OlSseiU-5e65x36UGGqtbju74KzQsNt8jQqmy4yCNHW6B5ySPcni4TwfDsYtA8DVinVBp1XrK4zxYrGqSPPjfGjnspF2xk6_5tl6soKxTE.S0GG1aiye6AkMySGFNR18MUxkNl1CTaPVYivcMKzh9E&dib_tag=se&keywords=Captain+Titus&qid=1777825565&sprefix=captain+titus+%2Caps%2C197&sr=8-2
Captain with Jump Pack,48-104,https://www.amazon.com/Games-Workshop-Warhammer-Marines-Captain/dp/B0CJRZ2H4G/ref=sr_1_1?crid=34EMUTYHF8B6D&dib=eyJ2IjoiMSJ9.GCDkPkcCTYCG9uJqFqxKoAhpWAJEt1el8J-hhCs681j4TYd5vIXGS4qzd-Eeijl8rbYDqyLNhaJhwwUHIGJ919kwjVZS7t1JpYJVzQaK-oyS2O9znhMl75YhiUlI5iuE3-nKz4Xo4XQVoRXDxw3OP8yFMAUzY6MPZYDPNwZT2jGOuHimU9tHRT_FYM0kpDSW4oeujdyOP-I01MShFR6AnLuc7MXy9jsn-4e6At-zG8awHKw5HVxOjcbB8v6_OsSVadpWxP5iMcdQ1qh6po2Zj-WyodITTdLdik8EIX3e6wU.noHymY7YTJdsoJ4S2n15fByc6AlZuZz9TMVuBFjJ3JY&dib_tag=se&keywords=Captain+with+Jump+Pack&qid=1777825587&sprefix=captain+with+jump+pack%2Caps%2C213&sr=8-1
Captain with Jump Pack and Relic Shield,48-105,https://www.amazon.com/Space-Marines-Captain-Relic-Shield/dp/B0FTZZS85K/ref=sr_1_1?crid=QWPCW9RPP06N&dib=eyJ2IjoiMSJ9.IHGZdii628b2wjvsfQeiYXLKUc9aGLNNqa5oWb93CrbGjHj071QN20LucGBJIEps.d0S4exK0ln04AFRieds3FOp9QHd3ffB-Q1ypw9vmCJc&dib_tag=se&keywords=Captain+with+Jump+Pack+and+Relic+Shield&qid=1777825606&sprefix=captain+with+jump+pack+and+relic+shield%2Caps%2C254&sr=8-1
Captain with Relic Shield,48-106,
Castellan Crowe,57-21,https://www.amazon.com/Games-Workshop-Warhammer-Knights-Castellan/dp/B09VH19YMN/ref=sr_1_1?crid=33SKT2LFBVJU&dib=eyJ2IjoiMSJ9.OFScDEdinLqqpOmNjLkFIl6vj_3hdlx18_THsCUjPoVG_Vl3p3SP2Gzr8MI0gGCSsKO5fEZUnaHXihPRr7vLrI-oLlTmP42fAFq5ofLeq-hDLDJvkEJljPaQSWswLWqNGU92IZf1ytNnT3wEs6UtlYLNv-L0R1hyW-3uQiIYXTqPzIYoYYpgwXYkMx2I9Ew5JlYbQP4v-YzOwQgF0kXGZg.Axc_fuNK7iJbyneZ_QOes2gNoN2vASeyprk9KiZL79g&dib_tag=se&keywords=Castellan+Crowe&qid=1777825693&sprefix=castellan+crowe%2Caps%2C173&sr=8-1
Cato Sicarius,55-32,https://www.amazon.com/Games-Workshop-Warhammer-40K-Ultramarines/dp/B0FX53MF13/ref=sr_1_1?crid=31FICIJT3WAF0&dib=eyJ2IjoiMSJ9.iiAkiIcvKOjIb7r9whJcR0jFZfE09NMwG8kUJGhDm7I5etObPaTBAfcSDffO5qNPE7bj1BrVNVk4EL12RohP5EwU38GRu378SmeAzIpsesmumMzNcS4hpqynosttgWl8fHIpIpHgc7XDZ26rf2q1f81oWWwh-40tHxEUCvsOPv_bmKbxArDw9_IPudDxaq4Y8Ap-MRlUa3Hc6nhuHkp54Jjt11QEVhHvfE1fuyTxm2cPT2_TM8T7yR6QOp-VrJlCw7facI_HiKCHJW-PcVVFiWQECuDsKWQ_nkahut5AXFs.kBWym7rlxM8BiJvW5-zkPC0_oZQ7q73kNbvvk5b5g1s&dib_tag=se&keywords=Cato+Sicarius+40K+miniature&qid=1777825720&sprefix=cato+sicarius+40k+miniature%2Caps%2C135&sr=8-1
Centurion Assault Squad,48-107,https://www.amazon.com/Games-Workshop-99120101313/dp/B08SSMBWLV/ref=sr_1_1?crid=641JA86520I6&dib=eyJ2IjoiMSJ9.1BQtZnpFY96HcheZrVMXnpkHBswKVb-x2zSkCh9lYhG_G3u5FchCuuGLZUbrRHKXA2Dc3m5V0yPHEVTWAwoGMpqg84rJRBXHG6RkZz29OGFiU7OKui5Hfi1QnuXQo0DOI-TgwBAYbgrSK6mhoyvHxf0tlFSjP46H5NrzQkReY0IOd4kgPy4RrDnHfOM20EVvAFxghIZ-4ve3YuiHROJhdPIsZhSSxY1A4fxBNHsmqkA.IY39eYJUGbIv2o8InsYYPkRLZfCX02k6yOWPq_rr8QY&dib_tag=se&keywords=Centurion+Assault+Squad&qid=1777825733&sprefix=centurion+assault+squad%2Caps%2C185&sr=8-1
Centurion Devastator Squad,48-108,https://www.amazon.com/Games-Workshop-99120101313/dp/B08SSMBWLV/ref=sr_1_1?crid=ZFH2B76EXT28&dib=eyJ2IjoiMSJ9.1BQtZnpFY96HcheZrVMXnoqc5vr_EPyGhRYA6gJpTURwVkAts_FYZnMVvoTkxQHkwmyuJ7puio_rpzbGBnW3LYMO_kcIt4fUNY4WyrQTF0Jc69yXEH8ykvzkJrspxUo6.9VAoGCgS8paYB5kGjjupu0-M3jWWVwewIJcGlpfwXj0&dib_tag=se&keywords=Centurion+Devastator+Squad&qid=1777825748&sprefix=centurion+devastator+squad%2Caps%2C240&sr=8-1
Chaos Defiler,P-CSM-DEFILER-2026,
Chaos Helbrute,prod2430129-99120102043,https://www.amazon.com/Games-Workshop-Warhammer-Chaos-Helbrute/dp/B00J0AYRWS/ref=sr_1_1?crid=21QNXCZSRZRMM&dib=eyJ2IjoiMSJ9.2MwjuCCsjumW4GygRcAXzSc6Xd1xtGqXx-hH48X1E-HlcklE1lZHqYU4fmzGvhuOJjnELI2L0ALjZY21SlWlr3-v5Cm8dGD5-VCVnB5dfiGRnMrcaJz8EP-uw_UK8Y51_NBKLSm2nsJ8TRI95JU1FA.s0-8XFN8ah4LJacUCoclLptzyjr-7k_WY2hh2BrfFXI&dib_tag=se&keywords=Chaos+Helbrute&qid=1777825820&sprefix=chaos+helbrute%2Caps%2C221&sr=8-1
Chaos Land Raider,99120102052,https://www.amazon.com/Space-Marine-Raider-Redeemer-Crusader/dp/B001GQQT2A/ref=sr_1_2?crid=1A6G1RYW9SU0G&dib=eyJ2IjoiMSJ9.VP8J68AILIs9E0yzO1jfyq4FdUdcG0ta1mhLi9LZqtsMzS7OLE6JgNhwtV4ypIAuhE5ANc-UdyAkzuY0KIjWRohVAjztILEYM7m07Z3lIV1WUWuB9Z1lOSdchUI-7abDG23qLeDsrNoawjZpSIlBis8DehNnQaCJwue8bEPXIDu27XirAzpZ6t0v6Bif0kTnR5pMJ_enIe9Fe7Jmk3VSafE5eyvBi1aM3Ors7yzUH_AhWQ7fuY9wQoA5RM1LsKl0f9a7ittaIdkE7Zy6ubRpuaJsqZGe84mivZB71TBl62Q.RoXpgDFlj9mBT8c5SyP-CNsErqg7TTX8rnYTgGcMhLM&dib_tag=se&keywords=Land+Raider&qid=1777825851&sprefix=chaos+land+raider%2Caps%2C489&sr=8-2
Chaos Rhino,99120102092,https://www.amazon.com/Games-Workshop-GAW43-11-Chaos-Rhino/dp/B0B834LHFL/ref=sr_1_2?crid=38ZB4LO94WWDA&dib=eyJ2IjoiMSJ9.DYUZ1ct6fl-R4cFLwpsF3iJhspYqgaH4O0YETyKJRtpTDPpFV6sdvnSXCcGQha9CBh6rKf_f8i2bo2ttAEp0m-aT1oAz3Q-FKmGQi_PECJzWLlGe5wNIP1Y_UUM3gx2jwW6IsXbn6gSBKaIs_cDvbVHOGJdk9Xjr_TbGaKqLoYZ6lGIHVea3Vh_3vR6eb1LVre_QpysHZ9-B8C1SkEriNKQwMJn2561vdcA3Cdaxwq6tOkA5dkdqjx3eE3C0gdcPECqYwr3C49dwYMONv49qS1U6GLWTv00Fyfrzu2Lljhw.KOZqeYZryBJPQ2B_DoRioY0XyhFQdBnJZO4I3Hc6yKk&dib_tag=se&keywords=Chaos+Land+Raider&qid=1777825834&sprefix=chaos+land+raider%2Caps%2C222&sr=8-2
Chaos Sorcerer Lord in Terminator Armour,P-CSM-SORC-TERM,https://www.amazon.com/Games-Workshop-Warhammer-40k-Terminator/dp/B07PY4Q529/ref=sr_1_6?crid=326I6FQQQ3EVU&dib=eyJ2IjoiMSJ9.zHGwdVwVuzaD_B2bgSbtJi5CRzrPqKIAhZvNDIFiUn8t2_-Kam9PlG8anbt1HFY8sY1Nf4ET8DJD8MphSsQB0PPf-I2iTpXj1UEgdeivZONjAuyth5Eoym6uYRWZLXOyVKTEFcvbJ8hVXnEcymQNqGmPc3VHsCpgD7HdTNUjWHrEEJocFqVX3z99DDXkjdWX2O0OF9pT1U9tLpatewa4LBmqe5o5qWW7jqGCsWwPTnDyE2xmSBPAhuKqC8QZzXB9XXvfsJs4Zhkzo3i0Cnk2pbuMX0RQlMsw98ao7WNIHDs.pPWqDeOZc1iq-RUTT51G4LM1JxLSJ-xU6JxnQ2ZQ6_4&dib_tag=se&keywords=Chaos+Sorcerer+Lord+in+Terminator+Armour&qid=1777827632&sprefix=chaos+sorcerer+lord+in+terminator+armour%2Caps%2C226&sr=8-6
Chaos Space Marines Legionaries,43-06,https://www.amazon.com/Chaos-Space-Marines-Legionaries-Warhammer/dp/B0B3JT7TKX/ref=sr_1_1?crid=1W10FC9LWL3H7&dib=eyJ2IjoiMSJ9.PlSEu_fu5Cj9bmNhGQBzvf4fGYjcdKYnS0ljtz_IMy3kMdSbsXW6wDAqoLt2SStrONzLKPD4Au4iBCwPFeb_WQi9zSgNum3C6QJVVRTLhWQ56gnq72K7C8jJcVtNz_sOaqB6b7skwPrIyZ6jxn3afSuS_BU4zbls-Izr_7aRPmjSDeltMvfxdtRJnokq9TbWogx7q7L575YjvLrQ3ImrUHjDSkg3-PORtWcKzBSiALS-mFPUrKezE-gI6BSHnanHd1c12vWJVBItPoQkIroF5WDi7lAczNOvkJ6qNq5rXhc.P_nGQ9ME66lBHVk0JEY34ke2aJRZkoq5GWl4yvi_77Y&dib_tag=se&keywords=chaos+space+marines+legionnaires&qid=1777827564&sprefix=chaos+space+marines+legionaries%2Caps%2C245&sr=8-1
Chaos Space Marines Sorcerer,99070102015,https://www.amazon.com/Warhammer-Games-Workshop-40-000/dp/B081GBX6L3/ref=sr_1_4?crid=1W3IRUHMIKNTD&dib=eyJ2IjoiMSJ9.EwRyprdhk9dzX19KCD-Peqf68014pWCfdmn2s8L7MuQFoLYGkRsF7_HEtgUm6G_UsY1Nf4ET8DJD8MphSsQB0FqqEnhlD9H0acoN7zynHbueSVYXx1yjarr0rYtHttvsm0bAnX-FsNpp3iX10o5mLcHpv2kPn8xmk9sVnyWXHlS5HJgHx5m188HNtaYGlQCN2O0OF9pT1U9tLpatewa4LBmqe5o5qWW7jqGCsWwPTnAwfVZe6S1Kl7pO485zbHg_vaHuFGTS1a66Csu3Tzgby7uMX0RQlMsw98ao7WNIHDs.UvRBGaRiey_06d5nbZH2HU_AGNPTfkcP8ZMOO8aIc1E&dib_tag=se&keywords=Chaos+Sorcerer+Lord+in+Terminator+Armour&qid=1777825873&sprefix=chaos+sorcerer+lord+in+terminator+armour%2Caps%2C206&sr=8-4
Chaos Spawn,99120201050,https://www.amazon.com/Games-Workshop-99120201050-Tabletop-Miniature/dp/B01BVL23DI/ref=sr_1_1?crid=6WANZOWVXNAJ&dib=eyJ2IjoiMSJ9.d9R0vYEznA73zrgvx6tLguimR24Jfn98eBsrzYNl9k14KmdI-o4BaNpYLJTfX8QT_m5e23z2V7HQe1mJpkwDBIAORymD7xGoTharRTmBDdtaLeXYEnbc4PjeXYhcAq8_Hd5bdFngqE4toZbA1JZrxQ-26dlDtegZsJ4T9AaGvM7Sp1-my37sh-KqLheh3OQ6M7lepgCFBk--TudfP1eSRD7OLnWwg9b0GCjFo_WL6wa8mXUTsiN1HtwPBZ3hpIw4gX7oyUaxOi2dvxaZggqSP7LeOaLYXUVqcKqGdjuN3Ag.3Qv2dPSkSilSP944fAcPz5-pjgP4u9y5QKmA7kU95Js&dib_tag=se&keywords=Chaos+Spawn&qid=1777827700&sprefix=chaos+spawn%2Caps%2C193&sr=8-1
Chaos Terminator Squad,99120102097,https://www.amazon.com/Games-Workshop-Chaos-Terminators/dp/B0B4F9985P/ref=sr_1_1?crid=1LSAIK8P40RPD&dib=eyJ2IjoiMSJ9.-Pe2KIKJpbdFXbQbb63c3m6zBRE3R6MN8oqwFh-yt140aqA7eMwK9QWobJ0IuB0MlcnA3zO2A6u1StDjw2pIwdNaZrmNDR0bOGcYQEh6lD34TBq9cEdoJcGhUBtd2DGjmgcMFPV_OkC0MODvU7Hjtdhlj4zi7SMoM-q9PIMw-C7PEO30Iot6RF1Te-cuyfZ1HOH87sZNQS2M0-vvheZNOCzRRiarr7vYcUVf_ssYYVDexMzkm9Rvdv66qrWwGjD5Pmo6meSpWHt1zKitOh41FYl449yZSu40QGh7Q-fIcvQ.5rXHe0HCiB7M2kxeVk00Alt8lK_HtXeC39P0PH6N2SE&dib_tag=se&keywords=Chaos+Terminator+Squad&qid=1777827725&sprefix=chaos+terminator+squad%2Caps%2C167&sr=8-1
Chaos Vindicator,P-CSM-VINDICATOR,https://www.amazon.com/Space-Marines-Vindicator-Warhammer-000/dp/B08NHSYW88/ref=sr_1_1?crid=3RS6AZZG1KJBJ&dib=eyJ2IjoiMSJ9.fZlIrBmyzgcMDq_6mPkVA96UP75PGLChm5YK5CfcZgLfcAfDiiDG_nyvN6RcFZZ4ZIP7W92EhrPu2j67APieRkLhki144qeSU4b4KcE6FwcBI4FYKCC8vVI6ftjPKqOt.yVm0uoCXtczNaUoVurwzMP4qNObyrW1fj0rt05mJ9Us&dib_tag=se&keywords=Chaos+Vindicator&qid=1777827744&sprefix=chaos+vindicator%2Caps%2C176&sr=8-1
Chaplain on Bike,48-109,https://www.amazon.com/Games-Workshop-Warhammer-40k-Chapelain/dp/B08KHP79L7/ref=sr_1_1?crid=2JCGNMA3S85R6&dib=eyJ2IjoiMSJ9.9FCBR8YNiRd5ciJ_keR34RyQEVpGEGNFIfH6Y5IGmTlQmK6IqCKfIdW2HHMUnf-DwUTEgQtR4UMhZGV5H33-_Z7wmxKt7yBgZZCUGoE0DwqpVNbBxaMFUdNIhUM2LAAXo6mazzRcLyKqasSgsIDcWJ7DyBTCKpWn9KXJelH7ee99YUPoNY2qpjDxXtfAnUav1labAo1F3yL5ynJ2BSvJSJAka2c4225kQ_x3R9MaH34.MVPYyfLt7NmgcaAhI8nwt3lxhpBZGQwOqEs8RbIiqi4&dib_tag=se&keywords=Chaplain+on+Bike&qid=1777827771&sprefix=chaplain+on+bike%2Caps%2C190&sr=8-1
Chief Librarian Tigurius,55-33,https://www.amazon.com/Ultramarines-Chief-Librarian-Tigurius-Warhammer/dp/B08TWFNF9L/ref=sr_1_1?crid=YO24ULNRFYRA&dib=eyJ2IjoiMSJ9.QQoQYJ9P9zJl3TysKinNrrFCiBULVpgvAfI9lWlPgwnGjHj071QN20LucGBJIEps.Xa0FZB1cq02t7BqTmrRG8kzFulhXdRVGkKsOa90Rr9A&dib_tag=se&keywords=Chief+Librarian+Tigurius&qid=1777827788&sprefix=chief+librarian+tigurius%2Caps%2C185&sr=8-1
Chronomancer,prod4900148,https://www.amazon.com/Warhammer-99070110003-40k-Necrons-Chronomancer/dp/B095J16T2X/ref=sr_1_1?crid=1M308K93M6JIG&dib=eyJ2IjoiMSJ9.MMWTN4GkYh6HnHv6riOBJtLuAxvHUUs78SfkhGgoul_1WLrJ8sxd5qWqaAXu58rgFlKFdnDkQpqkJmdX0K-pwVohLKSLfIQ1e13nCXEgHsSXnjjsLnzFVhCJOjc6ZmOVx2vJh28yedp9lyUqcA5g6K_TVPbsnNSgUQuFImX42kH4RxDdU4cVg6IsB34renTc4jBFiv9MwjPtOCPvNxpogQEyiHzytL7ChKbeJYtgWseKYTh0ojfHvA29qLPjgjrzZjMh7yT3lgvoQE-RO7fNrNeklV4PrGWNftUOJQfU8jg.cdOmZwBmSpQj6WNRZ4RpSxK4xF2noOAI1Lw3xQ8hsXw&dib_tag=se&keywords=Chronomancer&qid=1777827815&sprefix=chronomancer%2Caps%2C176&sr=8-1
Codex: Aeldari,46-30,https://www.amazon.com/Aeldari-Codex-Games-Workshop-Warhammer/dp/B0DV9XM5QQ/ref=sr_1_1?crid=MA4T6EL951VM&dib=eyJ2IjoiMSJ9.P0N7zYajgFEMrJWBMtQT7UeR3Ou1qcQfR0yzdCuE9UDehLw7M7SgaeEU6YxgtfOOyUnXih8oLtHufmNcVJ_KPQu9-lrnTOyjhwHZCoBzDD_uowO5YmHEbS7spiutga8N_kjlQm-uowxCUgOVTkJJg_hqAoJfVmFmoUkFUUW9dy-quXLSmKhpTl5CdiTmuar-v9C-Xoa-JtyzsdyuduYGVFMgyRxYCHhJGbF2EsS-0rg.JKe_oXYo9e1WR1P2MuS8x3X5geZd8fjGr_qEgy_7HZc&dib_tag=se&keywords=Codex%3A+Aeldari&qid=1777827828&sprefix=codex+aeldari%2Caps%2C193&sr=8-1
Codex: Death Guard,P-213409-60030102032,https://www.amazon.com/Games-Workshop-43-03-Codex-Death/dp/1804575003/ref=sr_1_1?crid=3262NK528TB4W&dib=eyJ2IjoiMSJ9.P7Fa6JZIqB1P1lxcaYwfMtuFQyPBdwocW6Yu8ALlIXOsyy2cFGAvRI0VgIX8CiRPuVHzf1k6QFkT8Uf3-e155EHX4rt7__1eifIApdvLZz5-tfjZDFq6Q8G5p0GWCdU0dpgN0oL-UfzyPs9J4uBE7jbdhetIV9Kn1QjUyf6YM-7zxuY5-CDAGk43tjRSvI5gJz2a04JTrZ12Bn-hXrjHBwsYVELmfSMYlYV0KypUVFS3mcZOPT4tfT_8ovbBt6QAd8_2yhUjg1CesPZ1HvqHoElyBo2_zCPHhnlNS2pTcUY.mGm0yB6lP6Eg4LS07vlLRt49esnQFXO350kTaN_Ki_0&dib_tag=se&keywords=Codex%3A+Death+Guard&qid=1777827841&sprefix=codex+death+guard%2Caps%2C190&sr=8-1
Codex: Emperor's Children,65-01,https://www.amazon.com/Games-Workshop-Warhammer-Emperors-Children/dp/B0F443WYQ4/ref=sr_1_1?crid=120DPGWFILR26&dib=eyJ2IjoiMSJ9.nIWvetxjOPSIgZqvxi-vVzqcqZFcHxKzcAsLiQsCFk3t0bqmyqbJ8pzuh_GwgPv2sUfe9rrVBuPp5FVxFyRHSfeWZlnWPg_HS3_XI9M55fW-0Ym37Oek6XPFKLjiA5r62uk1w_LmxEUECW_aivmBrR7OaOXWVK6-iKloLZU4vIfluj1s24du0-0f3iHkyDsLLPVniq-oLovNflY-1XM06UWs1VILO6bGTcKs3QQog15QuekZ16FSmnHgoFCKhaL3.Y2IoZGaU9kXaOOYGEYy9-bmMiP0DPZi6cHT86MDJE-g&dib_tag=se&keywords=Codex%3A+Emperor%27s+Children&qid=1777827857&sprefix=codex+emperor%27s+children%2Caps%2C178&sr=8-1
Codex: Grey Knights,57-22,https://www.amazon.com/Warhammer-40K-CODEX-GREY-KNIGHTS/dp/1804575763/ref=sr_1_1?crid=1Q9GJP98DG9II&dib=eyJ2IjoiMSJ9.Z_t2ee6_TlX0D6--IiOSSIB5M25sdaoN1cLSE6dDf5PZvsCGrO_epSZ6klOO9NUI5ljXFo-ZxMk5JGDk5gscd3NNsnQAk2nXHBoptXbZF3kL3nlBWBAyekS_pdtYhHhieT7HsTAE4eDkCqwvNmQbR1k3jSOh-emyzk67j_qXf_5sxRDAkcTxuFQN1qHrkPucRiQWAufP6z0VJHZBFxFBGDRXm5vwGmKw73mQ4exzSTY9bO3HMoRIh5Nei16V-o-NSnmHxTJJOKSImkEb5J_ozZipiLYA65oWcIALvkjkWFk.yls15FNWVJn-WjeB-TdJ2LZpQG9Pyw51AMz3cTU_Q2A&dib_tag=se&keywords=Codex%3A+Grey+Knights&qid=1777827871&sprefix=codex+grey+knights%2Caps%2C183&sr=8-1
Codex: Leagues of Votann,P-223015-60030118002,https://www.amazon.com/Codex-Leagues-Votann-Hardback-Warhammer/dp/180457631X/ref=sr_1_1?crid=2R2BEREKMQCTK&dib=eyJ2IjoiMSJ9.AGdK12BkoBkeAId1MCFdwSSTEH_DsHvoMVppitxTICR-dGaUZldoSEruVtytZqyohOPQaCD9LZwLCGKcNZz-XBg0gVDsI-hYutrzXpWwowbs22XqN3zFkMU5CRs1VLto-qhigMFml6rS7n5CB4dmEcDhEEe3nQcj5jn6yhVuqf-mjcJNIFfFpxAvYIbJe6D5Wy1esUGCKvwqRQl5a7yG68W8lzzEnm4UhA1SwimOd2vDymTOytX3sMj__ep19A4JQId-YizXUP3LBRa_JAwfLD_9ux4B6chfR6kCyspiIoo.LUtKSlAHrH_1d2JW8yGeeFS3izLy6eNhEJfAb0BInrA&dib_tag=se&keywords=Codex%3A+Leagues+of+Votann&qid=1777827888&sprefix=codex+leagues+of+votann%2Caps%2C199&sr=8-1
Codex: Necrons,49-23,
Codex: Orks,50-34,https://www.amazon.com/Warhammer-Games-Workshop-000-2024-10th/dp/1804573205/ref=sr_1_1?crid=319X86ARW8FHG&dib=eyJ2IjoiMSJ9.4tAxTEbpaFAAhv-BLRi5XOnOQQjJs4sI0XWYcsr9qjzAzmAuZOSwyIiN0HAH1hFrxn4Eu7VDowVokgvTb3bDLnaKXQJSvz8xB3zRM-lhj-nlpcme6htjGvnGGAMd8e7K8kCPLiwNON4nZ0MPnt4dkZmtFA7KIjnAkxkuxNX-lPt3uox5n3nyxgPZOgdRiGCDE279NquVa9bCA8fTfc36dYN6u2p-p66oJMZunuaRjvn8VK_PucSTF2lJISf-qYDVqpz-XF9AeO3UtAqazaEjHEICk13W0BykyNxqOOroxPg.1Ro-VaO9jVawRgYqMCfg3FiheJGZPIc3chkl_DzYQ0U&dib_tag=se&keywords=Codex%3A+Orks&qid=1777827972&sprefix=codex+orks%2Caps%2C187&sr=8-1
Codex: Space Marines,48-110,https://www.amazon.com/Games-Workshop-Warhammer-CODEX-Marines/dp/1804572381/ref=sr_1_1?crid=3JJT2UF8TY677&dib=eyJ2IjoiMSJ9.oL_fJ7yXTyLnqebG3od4sZcJxO2hIbJHh2s1YbJcH0ZdBW74ydd1BnMX5hATAzb_ab5Bt9eoIkTxQyyM6L7TEH--SR_gsYSiqMIun8zYcIuulR41F695-sErPDuKMzwUXn_wzPHBdIbRSj88NOxQS7p62Wn6WlvbXscUk1Rw-pDTvvqySwd1z2QzPmlgpEGBI_AKxjDT6a6Hj6T1nx9UTNIYtAf68H7GOzPkXc79vec.R-jRjdHfwqly2OgemahgH-X9b9ecEG19zL6e3hiBtU4&dib_tag=se&keywords=Codex%3A+Space+Marines&qid=1777827988&sprefix=codex+space+marines%2Caps%2C191&sr=8-1
Codex Supplement: Black Templars,58-01,https://www.amazon.com/Warhammer-40K-CODEX-SUPPLEMENT-TEMPLARS/dp/B0FJMVKS4K/ref=sr_1_1?crid=HHRN7ODGQO7D&dib=eyJ2IjoiMSJ9.FnqsRB0poyzUeJYOs2KpCNeEBokKLLrvk4FyKJXal6khL8YrFx5Za6xifeQ3MolfNiZ96wvIoEY-t8yvSCjC5W7gOXfMUQ4x5_OwRNirGiT-1P1MiyiSN7AXVT7QyGdCp7AW50827gnbOY7wIXh21nE60-z2J9SSrV1ZnZVBKWtDmrIJ5OsCWeLXFVzhASn86mK8d9CRGIeK5PktGY790QU6tNM-U4WSGLgqRMwqVnEhi61hf5YlwKROX4Jhuxo1HlJXiM2_cV7yyJ2TWKHyNAWWEY8Fa7C4uzis99OylKc.-kM3CskdxZcTnwrjRJBp7JeILU9Xk_GUJALaZASrwVA&dib_tag=se&keywords=Codex+Supplement%3A+Black+Templars&qid=1777828006&sprefix=codex+supplement+black+templars%2Caps%2C195&sr=8-1
Codex Supplement: Blood Angels,41-29,https://www.amazon.com/Warhammer-40k-Blood-Angels-Supplement/dp/1804574449/ref=sr_1_1?crid=1U4KBU6Q2MMZB&dib=eyJ2IjoiMSJ9.8tEiYQNNavZiAlW4OTrE3TSsiBB10bKT24L5q4M7sJSpQ5cx03ND6l-7tH87k-U1ntdr16OUHE0hN3LSFXEWZNCtoB6oD_Bg6K-GRhzBWrI.-fYUaakamrEnBAW1qdPdITTNGV8hpcPqK1GyvrUVABI&dib_tag=se&keywords=Codex+Supplement%3A+Blood+Angels&qid=1777828019&sprefix=codex+supplement+blood+angels%2Caps%2C189&sr=8-1
Codex Supplement: Dark Angels,44-21,https://www.amazon.com/Warhammer-40k-Codex-Supplement-Angels/dp/1804573116/ref=sr_1_1?crid=AC2PVIG5YFR2&dib=eyJ2IjoiMSJ9.7hhvlYaZH935V-8dPBkBEc8fTmCyoEEjJlD2Ay92r6Tk5xxwXw03xAKqTtH3fwpv_Z4hjgRWtKTcZ2V5gybuAtNJdFlZGfNKdPAkT4WQCSvAQ_9gOQy1Ji8_blyP6zqFIrZamtjI8YDlNj1Mmokw6le3jWggbJTwOxOrXLBNsaW6cUm1sZBKTIYVEXh3awAvX2I-wmIheEBjs5houmSlO5j4rsOqiygQuOZhEqGJV0hjs98OrEVXxsDDF97GlWChwhVigmQacn-fgQwk2ptEPvPKsNJ5u-zNWWpkwHxFxrY.pUavm5IRRjBi97nkEiRwFkRp3tsLbWtua1vuqFQq17s&dib_tag=se&keywords=Codex+Supplement%3A+Dark+Angels&qid=1777828032&sprefix=codex+supplement+dark+angels%2Caps%2C177&sr=8-1
Codex Supplement: Space Wolves,53-24,https://www.amazon.com/Warhammer-40K-Codex-Supplement-Wolves/dp/1839061138/ref=sr_1_1?crid=3R3NLEJSIUZSH&dib=eyJ2IjoiMSJ9.2yYLQMFpUJqHBi00syNeAoM70mRwRktJgMY8AjdFmlzC9PgumureU0RLFZ4mKGOAbwmeXKkNBMlrQXUSjWYv6nAbR75ZCsZut16tlJyF89uYIkIWUYmVbNvBr6tSPz1jf7-Gm2LMAbE0FdnJEtJ3JcGpECxc3OcH87kh3qt32N2K8YArUp8fetn-2MR-I0sVw0jEVVJit7CXXEXkmb50JK45a99hvGmvV6vLW2SC-p670QEQkJnxsPK4uYNYn7wMV-ah56Jc_Ifqxc81YdZyaK3ZxFKYZD5cfHho8d4nbVA.uemtoL3PpmTTQ0M3UFRHyFQy8XHZ3aZ7n8MytqaGSFw&dib_tag=se&keywords=Codex+Supplement%3A+Space+Wolves&qid=1777828045&sprefix=codex+supplement+space+wolves%2Caps%2C186&sr=8-1
Codex: Thousand Sons,P-TS-CODEX-2023,https://www.amazon.com/Games-Workshop-Warhammer-Thousand-Codex/dp/B0F9B4ZZCZ/ref=sr_1_1?crid=2QBFCJZ73ABY2&dib=eyJ2IjoiMSJ9.RUKi7SZrTzlV2gxkY6Dx422eHZJcIJc-gahhYzxUVZ5qrIYsJfx4-vdFwsk7b48pymfw8gebwqyFoMvmnIyFn124O1nK5cwi-Mf1Ck-yhF1z_1lIAxUXJbU2dfX3wdkNTjKWiDndNmss7omxApcHsyje-IAiKUkkYLGu9f8yp4prbX4ZyElYSUWfgLfx6lJ9Mpjc2ZathpWsUaulBPyKcWYkQcvlny_pDSf-SQpV7OaPmzkrUdjp_pQmYADZ_YeXNaFh8CjlPpGkbNFufeq04LEfQhOtFJC9J0KsbNPuyIE.dbK6WBFIvCfodde_28YY6QC6RWCRnwoUsnWxXl6HdX4&dib_tag=se&keywords=Codex%3A+Thousand+Sons&qid=1777828066&sprefix=codex+thousand+sons%2Caps%2C178&sr=8-1
Codex: World Eaters,P-WE-CODEX-2025,https://www.amazon.com/Games-Workshop-Warhammer40K-Codex-Eaters/dp/1804575097/ref=sr_1_1?crid=1YMNW6XHS0NTZ&dib=eyJ2IjoiMSJ9.9GhzKXMd400xwHyzR_XqU0EoKkrwM63Kog-cnQf2xiUf0NBy6ejNvhB5QDmiQwgE8Pck1RoxRNoDbWXGRwveUGtbnQYK4cz0HBP6EEAnsHzC-D8aL0mqkSzsvCKDDbCwoZ8NLya08Jtg3_3tEyfpk-0Hb0UqM4pGSFZzVnDK-pDtBuCtbvErozLAD08Sp_IjYgIzL3vt6y4O0JE4QfXXlmka_Bw95d7BsAWf_9v60CUf-HkyiUW4chsthVsTkPHs33ssMI24u2BgoBpCfsw-sO9On0u_ey9o8ZS0dagXKAU.3pQXbMCaZVHRtRfr_k_mk_ziOOuoPrirTP8zkwzjBnE&dib_tag=se&keywords=Codex%3A+World+Eaters&qid=1777828091&sprefix=codex+world+eaters%2Caps%2C189&sr=8-1
Combat Patrol: Emperor's Children,99120102207,https://www.amazon.com/Games-Workshop-Warhammer-Emperors-Children/dp/B0F5XBQZ1L/ref=sr_1_1?crid=V6ZDARCDVX8X&dib=eyJ2IjoiMSJ9.iFlAx7Bxkj67Fe7nAskqSf6YUHh_yIxWrRaaPDMKpSaE8LPWPy7f_IJu1cyFdfdaFgT4qkyffz80CSyIVQFYurVGMgl0qOBoVJzFSRjdZyMPGBPVJYVV7cI_GnODxcL0LDXXVbAbO7qgUPJ_J2JJ5Z_PzHz6saZpT3mCG4yX_tE.5LmFydEIppHf14OHWzh2_MzxzblGDgn-gb414PTsITs&dib_tag=se&keywords=Combat+Patrol%3A+Emperor%27s+Children&qid=1777828101&sprefix=combat+patrol+emperor%27s+children%2Caps%2C238&sr=8-1
Convergence of Dominion,prod4390153,https://www.amazon.com/Games-Workshop-Warhammer-40k-Convergence/dp/B08LB6QZN7/ref=sr_1_1?crid=S47JHDGZYDQV&dib=eyJ2IjoiMSJ9.D-ZGzdrEd8J63vOwTSUylF1WNGn9riJ2Jp5jrHKd7jHBcmcUHwmoK6e5bNJIaTIWAgHAkKSkqkr1zFj1fA8yTP0BO5uGfn7-l-gNTNVa_UqHZvs0AH7gnFqduxfJGustRxpZ21OHUpda79v_WUOpIb75y9VMZ_YEO7Z3TLawB-9UH09LnGIWiRot3rONff6_LVtUSRNe5sNk9C0Jzt62j0G1Igtywr4OEn2Zh30gzZo.AJKJkOnromV7trqbwFASPTg_ijAXy46i51AVuCWmqn0&dib_tag=se&keywords=Convergence+of+Dominion+40K&qid=1777828144&sprefix=convergence+of+dominion+40k%2Caps%2C163&sr=8-1
Crimson Hunter,prod3600196,https://www.amazon.com/Aeldari-Hemlock-Wraithfighter-Warhammer-000/dp/B09VMHC9FY/ref=sr_1_1?crid=3U33KHCX8832E&dib=eyJ2IjoiMSJ9.a8-bVtWfXItsUehVNfDyrb2i0FmBVg_9iWMu0K_08T80Qm6RaGb_8vA4XXB9afRQpNpqPH4ZGuqYwr_ZPcW_Iw.9ICBtvDnrU5kCB3No1I-WB24U7MceUVP35OrD-1ggqE&dib_tag=se&keywords=Crimson+Hunter+40k&qid=1777828164&sprefix=crimson+hunter+40k%2Caps%2C175&sr=8-1
Cryptek,prod4390141,https://www.amazon.com/Games-Workshop-Warhammer-40k-Cryptek/dp/B08GL6VHZZ/ref=sr_1_1?crid=1V0SZOZDH5S2J&dib=eyJ2IjoiMSJ9.0S5PqWusJ1Ox03tL0DP3R-9sMOagvW7Ev_RjW6ik1jrxT6v0lWyYR7tzH0qMahgzBqliRBlQT4PySUeFG3ker5MnFziNOi6B0Lk_AHfeen8K4K1-eQbw3AY-O7RuKpYTlLPzvYbkrPAZNYnoFq-v1Q._KYhE_J96v8HFhgX8HpXhpdMesnnubdo_jtigOHalrI&dib_tag=se&keywords=Cryptek&qid=1777828189&sprefix=cryptek%2Caps%2C189&sr=8-1
C'tan Shard of The Deceiver,prod2901178,
C'tan Shard of the Nightbringer,P-241016,https://www.amazon.com/Warhammer-40K-Necrons-Shard-Nightbringer/dp/B0GG4MYRQV/ref=sr_1_1?crid=ZDEFUXJ3GN2G&dib=eyJ2IjoiMSJ9.zj-iPiuaT0H81TrnZ2STwMxHySq34plJ0CcKg7vxcxrGjHj071QN20LucGBJIEps.9EQzIUck-skDk2fthms3afH1frPflCVTsvpeXw_CLKA&dib_tag=se&keywords=C%27tan+Shard+of+The+Deceiver&qid=1777828203&sprefix=c%27tan+shard+of+the+deceiver%2Caps%2C210&sr=8-1
Cthonian Berserks,prod5000436-99120118002,https://www.amazon.com/Games-Workshop-Warhammer-Cthonian-Berserk/dp/B0BKB72PGB/ref=sr_1_1?crid=3RAR4L8CG1MDK&dib=eyJ2IjoiMSJ9.tBUH24yIXM54lyEHllFDPw.N6sV37dBleTlCvoX-nrOPPoMgzcih1ejH1xFfN4YpEg&dib_tag=se&keywords=chthoneian+berserks&qid=1777828235&sprefix=chthonian+berserks%2Caps%2C208&sr=8-1
Cthonian Earthshakers,P-223004-99120118021,https://www.amazon.com/Leagues-Of-Votann-Cthonian-Earthshakers/dp/B0FL3DLZZ8/ref=sr_1_1?crid=3B4YR2TLMZI8A&dib=eyJ2IjoiMSJ9.w_-uVdTkz24Kn6ARkNjAaA.fQD3Fa4QEj8oS9_b65qKYD5fYKf_tPeaz2gxYOoGueg&dib_tag=se&keywords=chthoneian+earthshakers&qid=1777828251&sprefix=cthonian+earthshakers%2Caps%2C168&sr=8-1
Daemonettes of Slaanesh,99129915036,https://www.amazon.com/GAMES-WORKSHOP-99129915036-Slaanesh-Daemonettes/dp/B0742JDVCK/ref=sr_1_1?crid=1NQ04HNY6OOU8&dib=eyJ2IjoiMSJ9.4Fria3LF_9bWLHF3lKA9eFeu17w4Fj7TqYiD5jXddP43NwSki0vpvysnCCaaB0eCFJMhPGjZM0jRn1WTxbsWoO6nFaE_65VY5S7Fsa1Fh-9VFuNieK3tg4KeLmXhKSX1gB2_cCxmW2P-ljrfAVwIQCWCK-tjcSqE5DXg1PTBlTjHJnnyVqc67Y88-md6K-7CohbmFYR-tgl-ZkeXE8jiGZXyvoqz_al_B3px_WyUMoNxJa8o2kXbfSquAGX9ccFbaBCnV5bwN6ZTIenEK6ggbecoPjO4L90AuB15tS291v4.kYMjAg2SwLDn8YrbH3FtDCcpHE-lHPzG5ZbzbmGZm1s&dib_tag=se&keywords=Daemonettes+of+Slaanesh&qid=1777828265&sprefix=daemonettes+of+slaanesh%2Caps%2C177&sr=8-1
Daemon Prince,99120201130,https://www.amazon.com/Warhammer-Age-Sigmar-Slaves-Darkness/dp/B0BRY38LCC/ref=sr_1_1_mod_primary_new?crid=33AFFYTMGQYR9&dib=eyJ2IjoiMSJ9.CbQ_-ttH81o0kaFJPgeRtVPqFRE9aA0rtQXqh75NGleT0TbKg24yIHGWVt4VLK-Ouj9-EAVBrNkllC4VfFEmQU8jv5U3G1Z4vawldgBzAOK7Mkx3EdJZ8M5GWZKgOzOcZSGe2RKhxqG36b8BFlj0WYi-ZHLZmLXzWbXDSWScFS5CCkPqQC6GQi9dnUnPmj0iKCBH2gxCN4NdKaG51Kw4-nVpmXoVR08LvJ6Z_QJFIho8W14wrb5wP5uvYvpQ316kWJ0k8smEUzAlvELaoGCUpFwRsw5oBHiZSOvp5jupUxw.VzSFk3dCQ0MDVLX3N9FiPLgfMGqAYBSvrNosgs_JPHI&dib_tag=se&keywords=Daemon+Prince&qid=1777828279&sbo=RZvfv%2F%2FHxDF%2BO5021pAnSA%3D%3D&sprefix=daemon+prince%2Caps%2C239&sr=8-1
Dakkajet,50-35,https://www.amazon.com/Orks-Dakkajet-Warhammer-40-000/dp/B09HJWQWB7/ref=sr_1_1?crid=1TKUVZ9H66CQC&dib=eyJ2IjoiMSJ9.VtHsCZsuWv1Pe2k4LQNDRQ.QFibrS-mfAVZPXcMZo_f4DMqhEJoeSE-i0zFcEpFbkA&dib_tag=se&keywords=Blitza-Bommer&qid=1777825112&sprefix=blitza-bommer%2Caps%2C181&sr=8-1#customerReviews
Dark Angels Ezekiel,44-02,https://www.amazon.com/Warhammer-Angels-Ezekiel-Librarians-Miniature/dp/B000NVRX0Q/ref=sr_1_1?crid=A2YO4GRV21EC&dib=eyJ2IjoiMSJ9.mzsOmo0NeZPzZbC0q7aS5KvNZNyz2WdFypZvrGjHJXJoSy-qwe3A3KYqsEQpXfieZN5SI7v1TtG6cLBP3ZphbQKAa48SdxaZjUoZTDqn4L2lir-XlIsldX9JzjxhWEWwzK9iMlAF3ufq2Zev9Oipqdfzsq2YAvMiiEEisHKfm0d5jOG6VLTjmd7dpUxtm8RLwvsp8TC5qRhZ1BUDPvMv8Ib2UHrCzndjAXmO-S5v4q9X2lMc3pdmC9wZbKKseWnEjdmdSo-d-twP1OVT-zNnwj1fHO6gsfor5lCtH1a81P0.UHQosalg5wxwE1GKJP2ruGNcgTsGk1AXXoPS98Lm5s8&dib_tag=se&keywords=Dark+Angels+Ezekiel&qid=1777828299&sprefix=dark+angels+ezekiel%2Caps%2C249&sr=8-1
Dark Angels Interrogator-Chaplain,44-22,https://www.amazon.com/Games-Workshop-Warhammer-Interrogator-Chaplain-Miniature/dp/B075X3Y4F3/ref=sr_1_1?crid=U74V8TMUBX0M&dib=eyJ2IjoiMSJ9.-OfwY0ngD6Ew5MpUqiLu6X17h-cQAayb3MHcL0skZ5HScZSVMQazIaljm62sa8cR.s5qdH19oniyyrL7E5fOLmOW1uuhpNH0Lfa1qLoEjnwY&dib_tag=se&keywords=Dark+Angels+Interrogator-Chaplain&qid=1777828314&sprefix=dark+angels+interrogator-chaplain%2Caps%2C192&sr=8-1
Dark Reapers,prod4870189,https://www.amazon.com/2022-Reapers-Aeldari-Eldar-Warhammer/dp/B09TG4GJWC/ref=sr_1_1?crid=2KPXKIZ56ER5M&dib=eyJ2IjoiMSJ9.USc4EnkzKOCyXT-LamNYhr0AifE4KLqWnXx565mN0t7MFYncfhV5MWXHhuXjQ_S6dyd7Xqm_KqpUQENgNoKKISsH5B_aKdblxCOW7iBPRm_gwg-1TD1zXDWA4K0VBB5EbS7OD8elN1jq74O1wSb_oSOA_97kRY66kkrj5TQVIe2P0PgrM7Mo9yPGERw_km_fWojHTZTt6uHZAr6GXOtdg37vMFZokAcrJu6cbYSPEQg.BRcdcYsbw0_ZOSGu8qVJZcllit8dkeCswQDqpxWzqkw&dib_tag=se&keywords=Dark+Reapers&qid=1777828335&sprefix=dark+reapers%2Caps%2C177&sr=8-1
Darnath Lysander,60-01,https://www.amazon.com/Games-Workshop-Warhammer-40k-Imperial/dp/B0FPDM6LH7/ref=sr_1_1?crid=1RJEUPCWVRN2B&dib=eyJ2IjoiMSJ9.SzvSHkxSsU74zLKNCJoFSRtBTo-y6D4OzfHILtjA5wnGjHj071QN20LucGBJIEps.LOt9f6wOVSWCm3_2AIzDi3zwQ5u_cal5nMpV_ROO7s8&dib_tag=se&keywords=Darnath+Lysander&qid=1777828348&sprefix=darnath+lysander%2Caps%2C287&sr=8-1
Daughters of Khaine Morathi-Khaine,85-02,https://www.amazon.com/Games-Workshop-GAW85-18-Morathi/dp/B0BH9F7JM8/ref=sr_1_2?crid=L7QGHJNXMODS&dib=eyJ2IjoiMSJ9.NLrQ5_QiNHff1iGNi_51kqUL-fPd9CZ3lvUaI9b9Roa62O4iSO669DZzpmSKNcTbq6BIzHanXSySly8Ac2Z1uVDxgF7U-z6TkWTtJiXSVwKjTNAdh9I3bg-ajFER3dY7BWy2Jj7RFf5jh8OxEbISBm4b-lkR1APNdswnUGHe9fHMU_X8fcfZsiJaLpcRX_6YDSgToXdZwBLfZETA_3molxVrn6LmmC9rj5rJtEOSmU0uo-ImH7YO_vIUFVV_zxA2ZBJjgy3Od1adEKKA0KOHDCFtaSVZi2KoT2irZ3W2z-E.BC4ezMSPS6B_1VHx0ri9F-wqWcr8LdYFsQecE7Xs0wc&dib_tag=se&keywords=Daughters+of+Khaine+Morathi-Khaine+40K&qid=1777828364&sprefix=daughters+of+khaine+morathi-khaine+40k%2Caps%2C149&sr=8-2
Daughters of Khaine Sisters of Slaughter,85-17,https://www.amazon.com/Games-Workshop-Daughters-Khaine-Warhammer/dp/B07B27617B/ref=sr_1_1?crid=GBPBVJQB3VP&dib=eyJ2IjoiMSJ9.e0dcpHdOOJ9wW7MrSaCuXh_boYqYFmta6fS3Bk3HdhOoXEorLa5wk0m08QKFJkdlwVMj2X-UO8nzLfOA0kEYxuR8lEag5bGT6cwppZmvfydq21XZnC2WgLSClYQqhw3o5kVETnk4hWze_i2sbjCmlf0S-3nViA1nFL9tmp1CxPHzCYIQloC6impsLwX5KvJXGPzoIHLhX4DR0L1cgpJfMXr6HAwOGc9R8bVfqfx3VLfvBTv_PBEBdzbjssqXwWmhZx4GlHfN2h_VmJIpZdSTxukGm3VHFBhIyuiyvYS7HZo.sI6CVQ5-c5Sb2Pd36zW9DRLI3OZo81OS0Rw4VAPpt_M&dib_tag=se&keywords=Daughters+of+Khaine+witch+aelves+Age+of+Sigmar&nsdOptOutParam=true&qid=1777828431&sprefix=daughters+of+khaine+witch+aelves+age+of+sigma%2Caps%2C128&sr=8-1
Death Guard Biologus Putrifier,43-24,https://www.amazon.com/Games-Workshop-Warhammer-Biologus-Putrifier/dp/B076FF2DMC/ref=sr_1_2?crid=59CM1DFJDB82&dib=eyJ2IjoiMSJ9.h47rmvv0WEz5pCZI9-_5V_DpvBZ2QNjM2eE7BcOgb1M.XTllsRw6bvtXDZrbnb6JYXim1iUDE3i9iHbqitxq02Q&dib_tag=se&keywords=death+guard+biologues+purifier&qid=1777828460&sprefix=death+guard+biologus+putrifier%2Caps%2C170&sr=8-2
Death Guard Chosen of Mortarion,prod4570149-99120102114,https://www.amazon.com/Warhammer-Mortarion-Daemon-Primarch-Nurgle/dp/B08RK1HD85/ref=sr_1_3?crid=3RLHIHI6UZTYG&dib=eyJ2IjoiMSJ9.3GkRkyyh-fiytB76Lb5CKIIrGzSd8Ac88T_bgHGlHTFP5sqe6LRDOZ00aiYbrwIoU145aTuXCPLoAPu05016cCjFicdrwVZuSvzSAWHD9yCsZ1oBabQUi2F1sflAByxpEnigT5kX3YsxQsupDVFQiA.HsOlGNxJRVuPIyIAX_TMz6_rmjH8dSUbJlRRiV_oa14&dib_tag=se&keywords=Death+Guard+Chosen+of+Mortarion&qid=1777828476&sprefix=death+guard+chosen+of+mortarion%2Caps%2C197&sr=8-3
Death Guard Foul Blightspawn,43-46,https://www.amazon.com/99070102017-Death-Guard-Foul-Blightspawn/dp/B08X75VGX3/ref=sr_1_1?crid=30T9RDQHDCYLY&dib=eyJ2IjoiMSJ9.8LG241RYy7mFL8LttTQgHUt87J6YIDdPCZ8GLe7b-RUR4abg7Dnn3npjPQsKZt8zo4dMgvhHg86D1wTKfovqA9zeHEbLUMIUo1Y9ktKsoAvMc-5JLIkTTf_Ky-tCDDlSMYYHbTve2UhO10s8WuQOA1rLKTxH7In1saD9GSqO4jI._E4KTNgUHNpUX8r4SeJll3aXfroE6QqCvUBtDerY5KA&dib_tag=se&keywords=Death+Guard+Foul+Blightspawn&qid=1777828492&sprefix=death+guard+foul+blightspawn%2Caps%2C196&sr=8-1
Death Guard Lord of Contagion and Blightlord Terminators,prod4650190-99120102150,https://www.amazon.com/Death-Guard-Blightlord-Terminators-Warhammer/dp/B08QW34YBG/ref=sr_1_1?crid=21P2E0CYV4602&dib=eyJ2IjoiMSJ9.zIcIUGwGYAFUSuGDLXuukQ_DcLWqMW0c9ywC8dNqf3k.hRo5OuVdNn-OaMTL30MiWzG3AjpOEG3T1QJyFIQaT18&dib_tag=se&keywords=Death+Guard+Lord+of+Contagion+and+Blightlord+Terminators&nsdOptOutParam=true&qid=1777828510&sprefix=death+guard+lord+of+contagion+and+blightlord+terminators%2Caps%2C222&sr=8-1
Death Guard Lord of Poxes,P-223010-99120102198,
Death Guard Lord of Virulence,43-77,https://www.amazon.com/Games-Workshop-Warhammer-000-Virulence/dp/B08T7J2ZTT/ref=sr_1_2_mod_primary_new?crid=2IRXCISFJOCGA&dib=eyJ2IjoiMSJ9.BYCoD1oUPi-jhgUHXNzgEJshSt8IkXWTqRhmoFAwSOXVH6f5d-u3zX2-P6YQBqzyeHEPMIsdHaWymZL067entR6-G3wO8R2SENr3zF0l-UXb2PgEsUPfnBt3rVxcFvjqsZEpnPZ-byCNAJiV0ZAajiU20Cs79TsBtgXUmhH7EKlAdv8bxADA1RroN2a045dUcQLfERgrcQLUNKYX85CJ9XJPAjePfv-NqNDFW6ck5NKWF1v1407eUt89eStniW_7w617QQnsZ0gVPA6NlxVZ1g.tdhI-pno9rCZhfj_hKylOa0H4AxuAxcxyUX986hqkdA&dib_tag=se&keywords=Death+Guard+Lord+of+Poxes&qid=1777828527&sbo=RZvfv%2F%2FHxDF%2BO5021pAnSA%3D%3D&sprefix=%2Caps%2C229&sr=8-2
Death Guard Miasmic Malignifier,43-78,https://www.amazon.com/40k-Death-Guard-Miasmic-Malignifier/dp/B08T7HD5DV/ref=sr_1_3?crid=1S1IIYIOLMSO7&dib=eyJ2IjoiMSJ9.ZMpAM9sEx8gjZ7L4ibUrUt5hw-aMty1j93iqtidpKy86dyUt3gOR3xXTuGtjhuyZ.NnjRaIyRBKflwh9dpSK-CszQnHJE0C0TnpyNSXIdwrs&dib_tag=se&keywords=Death+Guard+Miasmic+Malignifier&qid=1777828589&sprefix=death+guard+miasmic+malignifier%2Caps%2C204&sr=8-3
Death Guard Plagueburst Crawler,43-52,https://www.amazon.com/Games-Workshop-Plagueburst-Crawler-Warhammer/dp/B08PQ9PPWZ/ref=sr_1_1?crid=3LVZQM2Y22I37&dib=eyJ2IjoiMSJ9.2whJ79jp88SgxW_VHa3iVJHKJ5wgSVkaY4vP7Ezg1tvGJ6CJKUJGhV8wXPUmEty3wCbC3rlPDhMW5cHVXp7UW82OunNm49neyyHmvatzutR5aJlY7TtTKV2FL4qv9jKDRAwVI0WP1ImycOuL34WGhX8U63RhxUBFSuVrcY2kO20Wa0N5bQHLFRFAv15cVRRcTKTq89qPSF0M0s9lCuJTIVR88jwFbds0XYH-2TDsSnSe6x_yAp5RfkBkc9v4mIx_.rJ77cp8scEDGcJCvJq28A9aoh8pf3HjAm8-ooyubP3c&dib_tag=se&keywords=Death+Guard+Plagueburst+Crawler&qid=1777828667&sprefix=death+guard+plagueburst+crawler%2Caps%2C185&sr=8-1
Death Guard Plague Marine Champion,43-48,https://www.amazon.com/Games-Workshop-99070102007-Champion-Miniature/dp/B076FF8BY3/ref=sr_1_1?crid=JI4AEK79MKOV&dib=eyJ2IjoiMSJ9.XTeuqD_MrhRNYWDjKmv1OzG5bbAq5SzJw2i8zXtwbovqtLaUtsGJOefmj-Muq6i46way4tTWWe4VNTuc1ItYKfocCkvJT6bxsw-qZ5Rbtm_qclSBrFe1KNbTd9j5w7zX4x7q6_F9nonO8Ty4b5y4GBOT5C05GkXvsI5JxjhTwmo97yTQMo6hU8e62OFCB0bo5f7wChxqrL0gFSknNxXFlEoSkwtjkBnK015MPqecong.CkDwRNb9EvaJ_8p4owCOz2utLR98Ep99Axn4uXPqZfs&dib_tag=se&keywords=Death+Guard+Plague+Marine+Champion&qid=1777828711&sprefix=death+guard+plague+marine+champion%2Caps%2C177&sr=8-1
Death Guard Plague Marine Icon Bearer,43-47,https://www.amazon.com/Games-Workshop-Warhammer-Plague-Marine/dp/B076FFF28P/ref=sr_1_1?crid=2XFG6DX8B1Y65&dib=eyJ2IjoiMSJ9.mgda_PMibgGkS5N3hENVZ1RLI45lxiybKqcs-KZDOaLuu6NKP6Pm2tePEhJMm5683hrfhoFtaIxJLWJIRxLzVZEqKOVgbst7_YHDb5XmqUk.dfEJvGHsJ5HRtT_J8tPAqGjOXELxhtv3d5J4rewd-4U&dib_tag=se&keywords=Death+Guard+Plague+Marine+Icon+Bearer&qid=1777828726&sprefix=death+guard+plague+marine+icon+bearer%2Caps%2C211&sr=8-1
Death Guard Plague Surgeon,43-29,https://www.amazon.com/Games-Workshop-99070102004-Nauseous-Miniature/dp/B0763KMV5S/ref=sr_1_2?crid=2O03WFT881BO3&dib=eyJ2IjoiMSJ9.ajc7Mwv7KUEzIfE_C2rGg4Po4JTq91GUoQfiygkI-_kiPMa-ZJBSeTIOkxd2dGaF8DRSVhcxa3qA9ADLhNAPRC8AffmnFe3stOaprMkYP53orJGmPLnuDee3FqH1sjmnGT_oh5taN1CdGvMe7QDvzm6XyKpxBgqamPoXWLB0UMclK0etFXVZBjEriwJnVt66iPqQ2bmLQdPBAHuW-fhrpxTj7hvwLVlD9Mc0y9VSxvI.-G63-9_K1CvWo6dbkudzL9oVKM4jqHersBhwheXaN2U&dib_tag=se&keywords=Death+Guard+Plague+Surgeon&qid=1777828742&sprefix=death+guard+plague+surgeon%2Caps%2C192&sr=8-2
Death Guard Tallyman,43-45,https://www.amazon.com/Games-Workshop-99070102003-Scribbus-Miniature/dp/B0763KR5DM/ref=sr_1_1?crid=1D52HYAPYM1LK&dib=eyJ2IjoiMSJ9.fYFH9ZaIGGraUEjJtr6q_WpyENngOnpCNDyAN86X6Iqm8mCsXpi-KQoHStQd5puILLlw9rS-lp1fnoOxFPsKCMBONjK9RgT-4PqWyEG5OBsUgP-oKe4yY2tLPTvr_TVV0Dip7OdOeWhCJzQuYtdsRRjmte5Mfo0iOcSw_dNArJPSAF0RhbLzGhCkTqcH6NOAknYeATaNjHruUZYsHZwYMnCnsrsRtPwkON3e891_rX4D2QQZPNOtpoQjw4yuOXrvAup_CxrshjbO7W8IyAQPwZvhBr0x3hCaiAIQ9uEqQvI.udLE6ajLMmrY526W6NkoY_kywqtOIR9XV-nF-rOv6TA&dib_tag=se&keywords=Death+Guard+Tallyman&qid=1777828768&sprefix=death+guard+tallyman%2Caps%2C169&sr=8-1
Death Jester,prod2620120,https://www.amazon.com/Games-Workshop-Harlequin-Death-Jester/dp/B09Z77THN3/ref=sr_1_1?crid=3G067114FR552&dib=eyJ2IjoiMSJ9.3g3v3MjVex6mMXLBct0gjWuP7i_M4fGuiQngUP2KzUBqhcXODorZd5jFjIDLVZIWwM81MNz__FHlTGkes3NEkg0NdD6e0zOUUKkJB2ksMsXstSD9C4h3aG0UTyubTmmjPl7y4ou0Nb7CGsetIgHTUgRkoyrqwuZeYeZAnDQdiJYTk3dWBlFFDhNycRZ2F71S9h0FsRIZmGxsyMj7BDlW0oKZKiCpHxnSii035cJdA4I.KdeYxASdNqmT7AWdQ8Tj4bMs_2tQi48QqrCU-PjHdZM&dib_tag=se&keywords=Death+Jester&qid=1777828789&sprefix=death+jester%2Caps%2C199&sr=8-1
Deathmarks,prod4390142,https://www.amazon.com/Necron-Immortals-Deathmarks-Games-Workshop/dp/B00631UMA8/ref=sr_1_1?crid=EOPOJKRZOFOJ&dib=eyJ2IjoiMSJ9.lM7wI9pYKSDX2d-oXRopB7TVcONZ6jIgybgM8IxOCg2TauniCIFzMJFRQsfgUC7bAMXZ5mj5DOKESn6kWSSiBcR_-5LHpeKdeDB8gldvqqbBtDQNDNkA04qPUnkWoANmPK_I3WoBBIFuuWKi9-Ch6Cjo7K8bZ3-0YDohhzFGR-TBIcTh3R4oHVgF_sUhHaPG-VyAp4Fbf0zqN9Jb9wnFzp8Ko2-CGqYo10W41Mm13-U.M8BO02K9OPwROCKfcnERVt3hp4NqOGMceOgiB5ptSrA&dib_tag=se&keywords=Deathmarks&qid=1777828800&sprefix=deathmarks%2Caps%2C178&sr=8-1
Deffkilla Wartrike,50-36,https://www.amazon.com/Orks-Deffkilla-Wartrike-Warhammer-000/dp/B09HJGKXR3/ref=sr_1_2?crid=XBXMD49M9639&dib=eyJ2IjoiMSJ9.K9vyO7w86su94m4zjgxw_AujzIjBYJ-l7XtDQ5y0j0A.0BOXtGD5T8SUlu-1RYqO0K5vdbe3EbpHE1bVD4VejvY&dib_tag=se&keywords=Deffkilla+Wartrike&qid=1777828833&sprefix=deffkilla+wartrike%2Caps%2C231&sr=8-2
Deffkoptas,50-37,https://www.amazon.com/Games-Workshop-Orks-Deffkoptas-Warhammer/dp/B09NST65MS/ref=sr_1_1?crid=3O7C05XACNTQ0&dib=eyJ2IjoiMSJ9.6ek-9VDlyymbjriZ1biqRw.8sXsEUCaxgqcV5-gBDqE0MgpIw9V69C5v7UELc2Tbt8&dib_tag=se&keywords=Deffkoptas&qid=1777828846&sprefix=deffkoptas%2Caps%2C190&sr=8-1
Desolation Squad,48-111,https://www.amazon.com/Games-Workshop-Warhammer-Desolation-PlayStation-5/dp/B0CJS2VYVQ/ref=sr_1_1?crid=EEGU5Y2EVGRY&dib=eyJ2IjoiMSJ9.TWQgRRmAyGj7tD635_5U_HzkLYZ3pLbh2VFYHJnx8q186EYXVWDmu21atvqbIjrxCU_Vf9Ydz2fT-nGZ4fSDkLgiGbPh9TEih17cR9TuuQw._2MV_GIIrE0x3GJAlwu28wCX-gpe2-eMRsMdEEDaMXk&dib_tag=se&keywords=Desolation+Squad&qid=1777828857&sprefix=%2Caps%2C246&sr=8-1
Drop Pods,48-112,https://www.amazon.com/Games-Workshop-Warhammer-Space-Marines/dp/B0FF4XDKQ2/ref=sr_1_2?crid=3MMIXO7RGNRBK&dib=eyJ2IjoiMSJ9.pj4lovcftPys_MdNqg26P0kUbzA8BkIG9QMhQDqPFKbQxvCsvw_guzd8fojc8njjsKRNm_4hN0fFmW3TPKvo7JP5LHOo9Q6I5HHnybTdiVokFu_l7gdITjXcSnkYJOyegy_LcG9xFKOSzEHkLrpBSs4g0vuJNiHGLLtIzttm1XcmdckJ_HE_QcExDuvP-QA2-ewWomtFg4yA0PXgQQVLdrxzJzWb9lENi4m21m-uy_LXt8EATU5A3bSvnRd9p2d5dsp6cQVJ2VxRxyZiz3SAD_FDLN0s1tY5xyTUAYmCO-Q.4_mkcJJjKMOpZW8dz6MCLqTd2dL8K6FolRDCEPiqQxg&dib_tag=se&keywords=Drop+Pods&qid=1777828888&sprefix=drop+pods%2Caps%2C282&sr=8-2
Drukhari Ravager,45-12,https://www.amazon.com/Drukhari-Raider-Warhammer-40-000/dp/B091VXBHQ1/ref=sr_1_1?crid=11J77M350HLP8&dib=eyJ2IjoiMSJ9.pXIq6A8HYdZWMlPQauRgVv2PhNWNVlys4XPa0kOFmOZdqROYzEpoKzoQHa9X6LLJnNt5TSygytst2y5nC1ReNVQvF7T6weP74PBCVggt1OAlJ1cLBQ40TFHZ8TMxw-ZywX4nYyfiJzuT4TPs6FPFT6TA1J9ghx64KM-oKq-gREM-BbZPAgwSRIXLOiZOn87-2Ug9vvvCt6A1wL1wDj7jeH067vOSYoa4n2dWLJThEaozT_msWf5XcjRAKJSWgDvz_rw0FvjRv6XKD2OmmMR9YWNiU3k3-AXuVFGQdv9bP1M.0g8JZlNa8j98tW-ANOzD-2CgwSqcwSMtzaI14HPp5iE&dib_tag=se&keywords=Drukhari+Ravager&qid=1777828903&sprefix=drukhari+ravager%2Caps%2C250&sr=8-1
Eldrad Ulthran,prod3650164,https://www.amazon.com/Games-Workshop-Warhammer-40k-Craftworlds/dp/B076Q37BHZ/ref=sr_1_1?crid=KAGE7G2Z0E0Z&dib=eyJ2IjoiMSJ9.Uz_oA8JVAtgK9kED7s0VZf_OJQMaCAjnxvc2lo618qeTZDhtFT48ruGgMngY38ZWE3_jF6EDDTKTWAhF5g15B4o7cov3KrAsvJB32ZFSPG89IV89Mp8i4Gv0jbCDR_VscumYEDqNRgNQb0lVw91wPxSdN7-i6D1Bq9PNXtZCiT5k5uzTKTb_vWSdu2an6cIq-9_k1ue0_cMjtlCn9dJZB3K98pd9MZg4EiudLepjvCAw1itZ1GG7MPliNDQez9sMoxc1UWYxPzwwnEJ1HH5Gw2Cs0Zko3Ua7eoK_pygKDDk.e1ak0qcaQq89E_cNhZY8ttTT6lADUXyvFi7y5IFBZ6E&dib_tag=se&keywords=eldrador+ulthran&qid=1777828925&sprefix=eldrad+ulthran%2Caps%2C218&sr=8-1
Farseer Skyrunner,prod3650295,https://www.amazon.com/Games-Workshop-Farseer-Skyrunner/dp/B09WNGQTBT/ref=sr_1_1?crid=3HOHI9HZ3FQAT&dib=eyJ2IjoiMSJ9.yDdmJJeqkQY-COcd4CeCfNq1rmaRQSAH_GyYPwZXhT7pOaXTDOaw_OkcSbPj5Ysk-verTDVT8DkTTeHHQqZSMsmQTTZ65ckMEURT95KRLhc.NtcEeYBvceQ4lAeOlRaAedK1JJEtYpVglisDMOBuqDU&dib_tag=se&keywords=Farseer+Skyrunner&qid=1777828946&sprefix=farseer+skyrunner%2Caps%2C175&sr=8-1
Fenrisian Wolves,53-25,https://www.amazon.com/Games-Workshop-99120101221-Fenrisian-Plastic/dp/B078VCQBW4/ref=sr_1_1?crid=8V6D0MO3WMX9&dib=eyJ2IjoiMSJ9.e9F3dBY4wSLTPZvJu5TVm22KTFYqh7FqjTptOPD-lxpcrXK1VVINHoV0EcABe9sPt7MdoIQV_bnMG8laOr2HLGD4UEAMbSgnfX8ov6JAopk0q3FiJChVUUJ4rgYdEAIUaP5O7-DvRbK6DTvK66BgsA5-Wc4ot7EhaLtj3fuVtK82OqpwqhhB92q64mbzL-d8eDZzn_w73SYhTDOieR61MhhBhESR4YO_uX1-E5cvcvQ.ZfFVQ_9vj9-LaSZKJXRDAXDMpLQ0QPJF_6uQ-TZTR7o&dib_tag=se&keywords=Fenrisian+Wolves&qid=1777828960&sprefix=fenrisian+wolves%2Caps%2C180&sr=8-1
Fiends,99129915052,https://www.amazon.com/Citadel-Daemons-Slaanesh-Fiends-Warhammer/dp/B07R55R7QB/ref=sr_1_2?crid=2GTRTMF8C5FFJ&dib=eyJ2IjoiMSJ9.i30ZEb3RE7He2pdJ2-ROraK-dUEjYUdkRttjPU19kZtYM2YplVMd4wZllH-Zdgu-AYrYh9W2oVNWf2WaYprqRVsCNVW0TtSjbL1eM_hRIZxhu0B86Q2snvE_Ec718B2W41Nlxeiu5L_IASvDRYxpT4GyLuroKX0hrRTvaGjvBEN_DprIkeVNiXqwOiRGg9-VXuPH1dgRMSbRyayX9UWjVhVuRomN4AXAEx7qOvDco4Y.YvDIBsNCgwDT8u5pyFydlpW5WeNtHhDH6CBuqOKmK-k&dib_tag=se&keywords=Fiends&qid=1777828979&sprefix=fiends%2Caps%2C355&sr=8-2
Fire Prism,prod770019a,https://www.amazon.com/Games-Workshop-Warhammer-Eldar-Spinner/dp/B003P0YRLA/ref=sr_1_1?crid=3RYOY5LR6V9KX&dib=eyJ2IjoiMSJ9.EqWQ4A3BZcqN733b2U7GEqIrDJ94RPl1mXS-TEkpaZp_Id5gU4t1bKZ9oKZu0O2sTOJY97Y6WesCL3zNngSr5HikiV78FZR-hDISRDxxgSNnX59yU8VV-kQCVJvpRz9tm-x0zk9KJ9i7iEAwJC9AbIY_wR0w5VAwTUv6X_hF7_4sYcpStuXHEVkicXlfjwF000RrbGdG-rcA8A-VQRiZlcZ7yjO3fovgGyZeDva2BHN2Bl5rO0c4-f50FYSJIa6jvunOc_X9tCBqfkjUUGBEEo-QlO5yUgkc3BOTe3fVtVY.pSaTN_IZWV4CQxtkPTdgOkF7brit5eZKgbZlgUBJ8Ig&dib_tag=se&keywords=Fire+Prism&qid=1777828995&sprefix=fire+prism%2Caps%2C185&sr=8-1
Flamers of Tzeentch,P-TZEENTCH-FLAMERS,https://www.amazon.com/GAMES-WORKSHOP-99129915031-Daemons-Tzeentch/dp/B01N4VDVTR/ref=sr_1_1?crid=27UP3D0Z4DNH7&dib=eyJ2IjoiMSJ9.SnFsJ107Q6AMzD9_1Dz1WT_RDq4snUOblzIpcMlyjA7iot-E7WSA_GJHQGM2Px4gOevmv5PT0b9G5BaiUDSreCRB9EwgVMGnJprLqoJ08nB3MM7mV1a6ulCq86g5ujQF.9PbanLVMWfBN-SEGEhDhLN3QD1ImOd-XEii8FQE4JMk&dib_tag=se&keywords=Flamers+of+Tzeentch&qid=1777829019&sprefix=flamers+of+tzeentch%2Caps%2C240&sr=8-1
Flawless Blades,99120102202,https://www.amazon.com/Games-Workshop-Warhammer-Emperors-Children/dp/B0F3XCNW1D/ref=sr_1_1?crid=WAHKI5HRNEIO&dib=eyJ2IjoiMSJ9.Tl0jCXRH1929CfJKXBsfrT9_er2Pu832XGU6MdD1GD25zQEs_I9To5FMTXzFJg5YzYHruQJKagC2BbQeDPAPima3nI32kvh0HdHnEGdSQvVgHN5bay3WiAykF6rTr-9TgwfXPuCfTtZJyNSPGI8Ah1qk7z83lWwMlcG8xbirVBYjVzMMHtSAR3iveKGLgItXqeyykOTyvcqDEEGS7DN8vfu9U9ufFpBRFySeUJ07fRTXbdkrXsqqMJPhhLHiyOO6sV4Ig_wYDDIjisHYuUilcpwcMu8lkBBQH-HtxnhSrI0.2GMcM8ih5iHNvwo1U6JNmNQq_mDe-qyN1-raoyo5B2A&dib_tag=se&keywords=Flawless+Blades&qid=1777829033&sprefix=flawless+blades%2Caps%2C184&sr=8-1
Flesh-Eater Courts Terrorgheist,91-32,
Flesh Hounds of Khorne,P-KHORNE-FLESHHOUNDS,https://www.amazon.com/Games-Workshop-Flesh-Hounds/dp/B0C47VMPXV/ref=sr_1_1?crid=3JVTN7OTHLSXX&dib=eyJ2IjoiMSJ9.gfj9I0hWCU5gfSGesDPgnComtdwTu0guzj6wH8P76d3RUBVEgDsXSJqCU779O_L9TDOMWWbQGMwC_06IhdDN_g.Mi_FxRFIi-C-aFZsMO6U_PTj0AwB0bZpwLfH0_w9bbA&dib_tag=se&keywords=Flesh+Hounds+of+Khorne&qid=1777829073&sprefix=flesh+hounds+of+khorne%2Caps%2C178&sr=8-1
Forgefiend,99120102089,https://www.amazon.com/Games-Workshop-43-14-Warhammer-40k/dp/B07PWY44DY/ref=sr_1_1?crid=S9MENZOI8RKW&dib=eyJ2IjoiMSJ9.w9CFFTLd26kxJgmK0TFFaicGVqfI4hrWVcQAtyGR0dCczN4KztePU_BkZeQYO4_7_DifF9ke2bUVjiGrlcCrcF5m9Vxwy0i17kwtH41pQeVCECayTU51ikagm7QsNoFeNL5XRkL3qtETxEHJSKNjza1T8gFZ-fXveDS6ON4UmwA20ZWNFVz2bPoV5tUmZPIQ.xWdxmRdBhECvDuIjRCMM7bsf8hsSMelsF2U6BuSMga4&dib_tag=se&keywords=Forgefiend&qid=1777829096&sprefix=forgefiend%2Caps%2C202&sr=8-1
Fuegan,P-203621,https://www.amazon.com/Warhammer-40-000-Aeldari-Phoenix/dp/B0DV421YK7/ref=sr_1_1?crid=3SZHK2XB70PB0&dib=eyJ2IjoiMSJ9.pUtqZ0moB9opTSse327_7U6EVxCFtpBxfOWhHa8JcZHTFy-5wg6hwQaCCyBVppL6dN8L5XjDqlywdMfrRqAj8h_5PB0TO1UkQjwUXPww5sXjDqT939Ha0ArjU75b2-bqW8KbgnK4wDXXKuKkkQRLnw.r1wcOmDMvhM48Zk7MGbljBYgmGUDXgIfRBY1PoBUYvM&dib_tag=se&keywords=Fuegan&qid=1777829123&sprefix=fuegan%2Caps%2C184&sr=8-1
Fulgrim – Daemon Primarch of Slaanesh,99120102200,https://www.amazon.com/Games-Workshop-Warhammer-Emperors-Children/dp/B0F3XH9J9L/ref=sr_1_1?crid=3UFIIKGVSZ925&dib=eyJ2IjoiMSJ9.iRM8lbl3ooo9J7rXYoi0yBnVvEKLoughJM4sTfamEdpzGSoJlfCjjVPUT7pI744UL9tk7674Ot00SCnhqIUn1R_nFwqyR2jXKiVSL10F3UdEgqszhDTXdzAec_pDA9tF4QXnLw9m_KarxgwYV28MmlRbH5zhycl9_3q_aFQ-hTv0Z9txzrThdLXdJcloG5rNsSbUE9K6igYAq6B43LklOPVZZhaGNZ7b9EHoaYuyi1vCE9GoiuUcDkVkjA0V8kC5RX0iwk-XC9Vq_p5Ywvj1gLplno2kt5AzKhs_KHdkC_k.BY9jnrxuuxXrx6aUQxKbf6jBDl5S7FOK7JXjQ4rvgGM&dib_tag=se&keywords=Fulgrim+%E2%80%93+Daemon+Primarch+of+Slaanesh&qid=1777829134&sprefix=fulgrim+daemon+primarch+of+slaanesh%2Caps%2C220&sr=8-1
Ghazghkull Thraka,50-38,https://www.amazon.com/Games-Workshop-Warhammer-40k-Ghazghkull/dp/B08M2HJXTW/ref=sr_1_3?crid=3ORGK6FLJNB6Y&dib=eyJ2IjoiMSJ9.DYdQgkY1SRDPrlyI1O4y4f40No-toFw2gFE9BIIImDHGjHj071QN20LucGBJIEps.MZPCwKjnAugCluZwraZQ9cAv9KnNT2PvKTRAW-rcDIo&dib_tag=se&keywords=Ghazghkull+Thraka+miniature&qid=1777829171&sprefix=ghazghkull+thraka+miniature%2Caps%2C138&sr=8-3
Ghost Ark,prod4390157,https://www.amazon.com/Games-Workshop-Warhammer-40k-Necron/dp/B08HCL7SFY/ref=sr_1_1?crid=12AXD7Q06KZB1&dib=eyJ2IjoiMSJ9.ZlcnHUi7YQUt-4rcRZgtEQTSRLngWBlS0r6cR-ZgZ6trw41AN2zjNwVt66k2wljTOfKlu4FujqJie7mkD-cnlpXo9S5YbI0amdeCNLHcGvXYvKNlgfIy0WbF0bG21N-2gGk-zCujW9l-Nf0y6Ns97HiyrmKs9uaMUEftHEDlHzfuno-1PRz_JX6sQrPscd4o-EbTOIyoetwfApfMpPcWuc-Qmhap5zV3fgyLzJqZbfc.QvHf-mvLQSZvbT1li5bXbFjNxE-GBA0xsC8n7PG_2Rg&dib_tag=se&keywords=Ghost+Ark&qid=1777829187&sprefix=ghost+ark%2Caps%2C208&sr=8-1
Gladiator Lancer,48-113,https://www.amazon.com/Games-Workshop-Warhammer-40k-Gladiator/dp/B08P7YJSM6/ref=sr_1_1_mod_primary_new?crid=6GTVASC8CIM9&dib=eyJ2IjoiMSJ9.8xarEOqp32e6MaEqtEMWyEHlM5ZN6nZVzAdxIrwpKArzQtNUBPMy3qZF6Jhpi8yMDjI2tmf0bChehyEL4r0u5OgZPT1z3m0mXe_KgGVSB6YJ49yr14cXIAzfqpmV-it3nBPvNG0WJdQPyV_cJlpehw.-MTaJcWV-naSrMNeJABvD6DyH7EgBfHeJ5hFBAELCm0&dib_tag=se&keywords=Gladiator+Lancer&qid=1777829200&sbo=RZvfv%2F%2FHxDF%2BO5021pAnSA%3D%3D&sprefix=gladiator+lancer%2Caps%2C184&sr=8-1
Gladiator Reaper,48-114,https://www.amazon.com/Games-Workshop-Warhammer-40k-Gladiator/dp/B08P7YJSM6/ref=sr_1_1_mod_primary_new?crid=6GTVASC8CIM9&dib=eyJ2IjoiMSJ9.8xarEOqp32e6MaEqtEMWyEHlM5ZN6nZVzAdxIrwpKArzQtNUBPMy3qZF6Jhpi8yMDjI2tmf0bChehyEL4r0u5OgZPT1z3m0mXe_KgGVSB6YJ49yr14cXIAzfqpmV-it3nBPvNG0WJdQPyV_cJlpehw.-MTaJcWV-naSrMNeJABvD6DyH7EgBfHeJ5hFBAELCm0&dib_tag=se&keywords=Gladiator+Lancer&qid=1777829200&sbo=RZvfv%2F%2FHxDF%2BO5021pAnSA%3D%3D&sprefix=gladiator+lancer%2Caps%2C184&sr=8-1
Gladiator Valiant,48-115,https://www.amazon.com/Games-Workshop-Warhammer-40k-Gladiator/dp/B08P7YJSM6/ref=sr_1_1_mod_primary_new?crid=6GTVASC8CIM9&dib=eyJ2IjoiMSJ9.8xarEOqp32e6MaEqtEMWyEHlM5ZN6nZVzAdxIrwpKArzQtNUBPMy3qZF6Jhpi8yMDjI2tmf0bChehyEL4r0u5OgZPT1z3m0mXe_KgGVSB6YJ49yr14cXIAzfqpmV-it3nBPvNG0WJdQPyV_cJlpehw.-MTaJcWV-naSrMNeJABvD6DyH7EgBfHeJ5hFBAELCm0&dib_tag=se&keywords=Gladiator+Lancer&qid=1777829200&sbo=RZvfv%2F%2FHxDF%2BO5021pAnSA%3D%3D&sprefix=gladiator+lancer%2Caps%2C184&sr=8-1
Gloomspite Gitz Squig Herd,89-10,https://www.amazon.com/Gloomspite-Gitz-Squig-Warhammer-Sigmar/dp/B07M71TWV4/ref=sr_1_1?crid=2THEZFOLI7B2J&dib=eyJ2IjoiMSJ9.LitcgRN1bO0uMItoBGdf6UjYsAy5uKrt94n-cM8ufEp5KYBUMlSLZCUhgMdcnSNzSt2bK4FZKs9Y9sLeO8B9Yb-7V6gKjeDbHme1LCYXz0EcbrepsjJaR9Slesmq0dh-fDEYO6cioAsILmTJKuW55tMEdCWm-j0D_UGCYdpmorYO3j2sv4198Do_vywT2-f0DygWKlyGDnTdJZP8JAuaFtMnj1YKRvNrneSbyWMrhIBcADiq96jpYDz9tPgZbteYLCoEYIDurFjItDJDeCaUYEAnzHYYv5gpmwaBeJS3u8Y.rVLGjroYxyG8rImaRbvmwhgEvjc6BMBn7gM-_BsCggA&dib_tag=se&keywords=gloomspite+gitz+squigz+herd&qid=1777829228&sprefix=gloomspite+gitz+squig+herd%2Caps%2C181&sr=8-1
Gorkanaut,50-39,https://www.amazon.com/Games-Workshop-99120103088-ORKS-MORKANAUT/dp/B09HJSR7Y8/ref=sr_1_1?crid=2Q0CGYV8ZAWMX&dib=eyJ2IjoiMSJ9.qGePSH2dtREZK0GBebfimx1VgYXth4D5OrPOgTL9qSG1X_pP6YawpfB85u97hfO1SVGvoyJuLBM_uJl54TlNGw.Vt0nKt1cgPIYIuZix0UUccs4thrjzgnXhoLMdeIm_zA&dib_tag=se&keywords=Gorkanaut&qid=1777829249&sprefix=gorkanaut%2Caps%2C189&sr=8-1
Grand Master in Nemesis Dreadknight,57-23,https://www.amazon.com/Warhammer-40K-Knights-Nemesis-Dreadknight/dp/B0FPDMT27L/ref=sr_1_1?crid=KBBLLG30OHYI&dib=eyJ2IjoiMSJ9.muynODyy4f3m8rg85-EDgw.Mhb7ppNWj0anS-Jke4uKh4vg-1hxvoayeoRSrHT9GBA&dib_tag=se&keywords=Grand+Master+in+Nemesis+Dreadknight&qid=1777829266&sprefix=grand+master+in+nemesis+dreadknight%2Caps%2C291&sr=8-1
Great Unclean One,prod3700247-99129915063,https://www.amazon.com/Games-Workshop-Warhammer-AoS-40k/dp/B09RQQMXQF/ref=sr_1_1_mod_primary_new?crid=5TX4KUMBM9V3&dib=eyJ2IjoiMSJ9.PO8naScRc1SFTaUwBRm712Q4TD2mFvW-PnwSYLUGfvKSsPHkSFeIe7PxIz-rfCtS.nxtBUXEfRyqb_3XWNEdsIvuGANEEm9Bm2mHoDQkOKWk&dib_tag=se&keywords=Great+Unclean+One&qid=1777829279&sbo=RZvfv%2F%2FHxDF%2BO5021pAnSA%3D%3D&sprefix=great+unclean+one%2Caps%2C193&sr=8-1
Grey Knights Paladins,57-25,https://www.amazon.com/Knights-Brotherhood-Terminator-Squad-Warhammer/dp/B09C3NTQSP/ref=sr_1_1?crid=2ZBXW1CYYWUB2&dib=eyJ2IjoiMSJ9.tuB9kfo-ppxTGCNX-1w1ILucoQiDYlzIMfXTb8zqu7oOXjHoTjMF8Gnx_tishTxqhyeagoIt0LSHYLc5tXXDj348oeosmWb9ALfBnTv9lVdzuef-ov1NfSE1CaONhzRRPzGIlyVU2tGqr_uHQ0LdhqjLUhles6ylo5XWkb0GCZakMAfY1_AvquEIMUcmIU9ONGLJKcZgdGgPdv-z_QH16DbeOeM7kWfNGbx6_TBWu67NNe2dRg5fZXPWy1o9cGfYrr1EaLyzNReWHZQctkUdBYKhJP-SpUJ7nICjl_Wr3iw.AQ4iLVGG4urcgNaNRUqBn0Eym4XlPUclDw1pG3XNvJ4&dib_tag=se&keywords=Grey+Knights+Paladins&qid=1777829294&sprefix=grey+knights+paladins%2Caps%2C216&sr=8-1
Grimnyr,prod5000438-99120118004,
Guardian Defenders,prod4870188,https://www.amazon.com/Games-Workshop-46-09-Warhammer-40k/dp/B09TG2LS1N/ref=sr_1_1?crid=PV6C78ZP6IL5&dib=eyJ2IjoiMSJ9.fT6WLAgiJeCTF1MyxkvVKg.SbegoHxyPbgm45OHtWt__CWdBPGFuiRwbBLXNA2mU6Y&dib_tag=se&keywords=Guardian+Defenders+aeldari&qid=1777829405&sprefix=guardian+defenders+aeldari%2Caps%2C155&sr=8-1
Harlequin Troupe,prod3530579,https://www.amazon.com/Games-Workshop-GAW58-10-Warhammer-40k/dp/B09Y2DHTQV/ref=sr_1_1?crid=ODYUA3KV73AE&dib=eyJ2IjoiMSJ9.t-U_2FF5E7DDbySHOPLWqQ02vXmGEjQYmyWbEztjCISo1qANL2Hl4dLFkNBoNHxHy6qhydIqo_DbqQFJUcLqWudrgP_K15cs9uEOVZmsg4BzyPCGnQtStNm2kRWmRKvOCMIDJkrp9oivQkATY87kyynCNc3A0Yz0N3-DoKkIY8gnj1PX-uw_ZiNX7ggI9p9zJ-Xsy1fKog1nC4ckAtpG27ufGMU7VMBSoEdSgexDIIM.uBQa3elKWHeZYLmGbeqrQPkRpMEYdnhCs26FAGEcXVc&dib_tag=se&keywords=Harlequin+Troupe&qid=1777829418&sprefix=harlequin+troupe%2Caps%2C371&sr=8-1
Heavy Intercessor Squad,48-116,https://www.amazon.com/Games-Workshop-Warhammer-Marines-Intercessors/dp/B095J5ZPN7/ref=sr_1_1?crid=2SFDW17LBKBX1&dib=eyJ2IjoiMSJ9.HTMiMoElTi9oBIN82ZSETmAq9ZztRFYGKnNPlkP3xONMOcnAwnhJHPOBAXj4NCOduSEGB_xxaUHCn_H9aAchIGUt820C426wqqt2m3RNDoBYbIQZdWmcEQTTHoAQg_jxllu8SWXt8dfv-ZG0fcIspw.KiwTZcpULgew3U0r6oBHl86da8nUzpqwgUq_LyD_KNk&dib_tag=se&keywords=Heavy+Intercessor+Squad&qid=1777829432&sprefix=heavy+intercessor+squad%2Caps%2C195&sr=8-1
Hekaton Land Fortress,prod5000440-99120118006,https://www.amazon.com/Warhammer-40k-Leagues-Hekaton-Fortress/dp/B0BK9JNRVX/ref=sr_1_1?crid=23R6U65UWLMZ6&dib=eyJ2IjoiMSJ9.PE8r0Ydu6k8PMwQ1ZEyQTw.jlIMouF59KHXSEbiChU5MK8fe98Oz_30YPnJXp3xZ-4&dib_tag=se&keywords=Hekaton+Land+Fortress&qid=1777829447&sprefix=%2Caps%2C559&sr=8-1
Heldrake,99120102090,https://www.amazon.com/Games-Workshop-Warhammer-Marines-Heldrake/dp/B01LXTJ1JC/ref=sr_1_3?crid=1W0I3OFTQ1W92&dib=eyJ2IjoiMSJ9.HhRehQUQT35NPENmntpHBiSyMHk3L4lAAU6Ll_dbUfXh6L9iF1geNZeREK8Xrio-.dQ2g1D9wgKTgFMvKM-XBDukH6cZxU6TDSXm4uf2vf-8&dib_tag=se&keywords=Heldrake&qid=1777829465&sprefix=heldrake%2Caps%2C1126&sr=8-3
Hellblaster Squad,48-117,https://www.amazon.com/Warhammer-40-000-Primaris-Hellblasters/dp/B08HSVBXTM/ref=sr_1_1?crid=2LF5EBVO2E909&dib=eyJ2IjoiMSJ9.2Zr4CItUyg-9dU5sE0vfSlozqE-z73gjV3sPCc66sLTLgc_yjesJ3kZeUQ1Qxml7ZIe3imCXgmVIjGr1-LfIfHRSNefw6n93tzH-cyeF7S4.R3zXMv4-KeUFAVuf1BMh5whD5KgB1OpBQSJ2rElpEOw&dib_tag=se&keywords=Hellblaster+Squad&qid=1777829486&sprefix=%2Caps%2C681&sr=8-1
Hemlock Wraithfighter,prod3600197,https://www.amazon.com/Aeldari-Hemlock-Wraithfighter-Warhammer-000/dp/B09VMHC9FY/ref=sr_1_1?crid=3U33KHCX8832E&dib=eyJ2IjoiMSJ9.a8-bVtWfXItsUehVNfDyrb2i0FmBVg_9iWMu0K_08T80Qm6RaGb_8vA4XXB9afRQpNpqPH4ZGuqYwr_ZPcW_Iw.9ICBtvDnrU5kCB3No1I-WB24U7MceUVP35OrD-1ggqE&dib_tag=se&keywords=Crimson+Hunter+40k&qid=1777828164&sprefix=crimson+hunter+40k%2Caps%2C175&sr=8-1
Hexmark Destroyer,prod4390148,https://www.amazon.com/Games-Workshop-Warhammer-Necrons-Destroyer/dp/B08KXCR2C6/ref=sr_1_1?crid=3G4J9P0XK1RH4&dib=eyJ2IjoiMSJ9.IjYqHZUevvGCah67B91yDjHQF8Sr-54GrhxC_1Emp1aH1L1jGFtMpnuVgzkmSAoUm855MeikMh7Ho90Uko4L0w.HmvBmSUuB2vrtRt9NH3E-omJKEwY6qYJew3ZyBGMR50&dib_tag=se&keywords=Hexmark+Destroyer&qid=1777829501&sprefix=%2Caps%2C227&sr=8-1
Howling Banshees,prod4390157,https://www.amazon.com/Warhammer-40k-Games-Workshop-Aeldari/dp/B09TLBQLG7/ref=sr_1_1?crid=2M4K884UG2U0M&dib=eyJ2IjoiMSJ9.Ngi4REMSDGu8kL4wYvJ2rTsubZf_lPnfqlabGTeFJ60ZhbZVCDwLggmX_elaqxvbeKqZXMx5q-o1DCZjSUESBA.o8qJ2IK_W2-2P33nq36CGsta_KjYnGdX2j2qzNJcV_4&dib_tag=se&keywords=Howling+Banshees&qid=1777829514&sprefix=howling+banshees%2Caps%2C275&sr=8-1
Hunta Rig,50-41,https://www.amazon.com/Games-Workshop-Orks-KillRig-Miniature/dp/B09H4J1DXM/ref=sr_1_1?crid=GUC825R5I3AL&dib=eyJ2IjoiMSJ9.b0EqjXqCUPlFMN3lfa-wT0VwVi7RWIqosoN2b2FIf_VnOhxHG5Xo0JEsc_CV7-Z5nA4vbidIWzOTj1IHULY4XQ._KZxUDdmG_LPlPsYOsEtYQEr9lfcetbdoxjDyOLUApQ&dib_tag=se&keywords=Hunta+Rig&qid=1777829527&sprefix=%2Caps%2C215&sr=8-1
Illuminor Szeras,prod4390160,https://www.amazon.com/Games-Workshop-WARHAMMER-NECRONS-ILLUMINOR/dp/B08BNC4GL6/ref=sr_1_1?crid=2NFQZQ42VLEKG&dib=eyJ2IjoiMSJ9.q5LYKZA8qhzMUS3qmk3sWmTxAu3PrnTsk6OCrEnnvOlG0l53MgnUMDYCgWZMHeon.aa_zvs-EKgvweKlPpcuuvjut6RZt1ujQ9y2k1dwbaOU&dib_tag=se&keywords=Illuminor+Szeras&qid=1777829551&sprefix=illuminor+szeras%2Caps%2C209&sr=8-1
Imotekh the Stormlord,prod4900149,https://www.amazon.com/Warhammer-40K-NECRONS-IMOTEKH-STORMLORD/dp/B0CNTV7SQK/ref=sr_1_1?crid=3H8HNP9N0YN0G&dib=eyJ2IjoiMSJ9.5lKC_223zJRFOlHHF9IyHI6hHGDFjiW7p9AhBliVcQPGjHj071QN20LucGBJIEps.j61ad7DeIHD6BnziYoqX3k8pKVYifTCuraH3r0tsws8&dib_tag=se&keywords=Imotekh+the+Stormlord&qid=1777829566&sprefix=imotekh+the+stormlord%2Caps%2C214&sr=8-1
Imperial Knight Preceptor / Canis Rex,54-15,
Invictor Tactical Warsuit,48-118,https://www.amazon.com/Warhammer-Marines-Primaris-Invictor-Tactical/dp/B08GCKF1DW/ref=sr_1_1?crid=3IGSLN799UET6&dib=eyJ2IjoiMSJ9.Gr21DgfNmavUw08f40Iz11-9HLUBqRYmOtAF7i8aHDlNGZe90XSpnj-DvYOEQE4-cLHBShVE_m5qcpsrtvkpbVEJUCMlTHeTJIYerfW1VW4.u1fmrnUcgoh_ogKS2kHP2FKy_AJvyFc7KmxMWLeIrFg&dib_tag=se&keywords=Invictor+Tactical+Warsuit&qid=1777829615&sprefix=invictor+tactical+warsuit%2Caps%2C239&sr=8-1
Iron Father Feirros,61-02,https://www.amazon.com/Warhammer-40k-Hands-Father-Feirros/dp/B08LQT7D8W/ref=sr_1_1?crid=18A1RW6KQOZZA&dib=eyJ2IjoiMSJ9.0DcyOoapxKUAFDVQ6WakPA.Rf9DpoodfF3xoRpDre_2sa-AqgtB0m6DzJrjaasu1JU&dib_tag=se&keywords=iron+father+fierros&qid=1777829627&sprefix=iron+father+fierros%2Caps%2C241&sr=8-1
Ironkin Steeljacks,P-223001-99120118020,https://www.amazon.com/Ironkin-Steeljacks-Leagues-Votann-Warhammer/dp/B0FL3DG4ZQ/ref=sr_1_1?crid=1ASSLMD47QJKV&dib=eyJ2IjoiMSJ9.uRj6UVUHEA-fpADibZNQEc7lb4-H9fdd0y_cHabySvU.57Joj_qeKuAlsUD_lB6oag4_wyVi6EuiRerf9QRMYjI&dib_tag=se&keywords=Ironkin+Steeljacks&qid=1777829892&sprefix=ironkin+steeljacks%2Caps%2C315&sr=8-1
Iron Priest,53-26,https://www.amazon.com/Warhammer-Space-Wolves-Iron-Priest/dp/B01BU0P9JA/ref=sr_1_2?crid=3FQU4W7SRD26D&dib=eyJ2IjoiMSJ9.1Wf_XkQPFSN0dfKt6WMqR_xlGIFB1vHi0eCFEYYjvE_21SpaHzQ2p71Q2KimkOTa2511jaT3GuuYOepBPMUpKEMiOqPmvkMLuNjSVQ5a3aMPlh6MukYSyRTyAryWuTtNxDzmpFOFyEaAnf0mkXFRXJmYwe_LBpT4zCtWonnDBKJW65yY_IV0o5j6CGMAMfno9bpej1cdLlpBwJTf_sL695MWJ6SOdWYKcF5OUzKyl1U.wCE_FHbpWynwIuiTcHWOwFzhRfbgB9-o4AB4XjtFZ9w&dib_tag=se&keywords=Iron+Priest&qid=1777829904&sprefix=%2Caps%2C305&sr=8-2
Jain Zar,prod4390156,https://www.amazon.com/Games-Workshop-Warhammer-000-Craftworlds/dp/B0856SCBXQ/ref=sr_1_1_mod_primary_new?crid=258GV09X9EYSF&dib=eyJ2IjoiMSJ9.j-6N53ULRFRAFNkmEyUPaYFLvFUJ4CUbO_gsKW-ukIA4IrZUrnVqHjFRd8UctKkTCczUFABcithG8ZVga4WHR5iVn6s0R0tHP5klRWKVt7c.3nrTz0U3kKovslBnToG-yiHAQQGdGFXz2sSj-WprTy4&dib_tag=se&keywords=Jain+Zar&qid=1777829924&sbo=RZvfv%2F%2FHxDF%2BO5021pAnSA%3D%3D&sprefix=jain+zar%2Caps%2C315&sr=8-1
Kahl,prod5000456-99120118011,https://www.amazon.com/Warhammer-40k-Leagues-Votann-Destined/dp/B0BK9KZWZB/ref=sr_1_1?crid=JAPO4LXC0EQS&dib=eyJ2IjoiMSJ9.O1Qou-QbpUeeH6k5x9Qekp_AtH_boVVmOaFCL7vhwrqYtNon-CUNT1x4Za51dGV7LFeOFdnQW7HZkewe9e-Dbmue4nKgcE0llYNeEaf6_uzHSljAeS2Uw6Cdq_0hI6BSkKRJ-artfry9-pUIuDYg82f6Rc4sAkjVzZDnLnvnx_54rGkdFiotyv6p_pBgX_EdXLbF3AvcJ4VgSuhsVjSFSPk0PHdrjQGGF1l_qeIMTl52lYDTSGMxEoBlQujJpi1TRbJNK1hrxYuG5o2o-K3KxNp06_IWcu2v-M_km8uP_0Q.byRpineGptTqEizMEygtr0jQd4uNXVMXRuVOlqNk3l8&dib_tag=se&keywords=leagues+of+votann+40k+kahl&qid=1777829948&sprefix=Kahl+leagu%2Caps%2C217&sr=8-1
Kairos Fateweaver,P-TZEENTCH-KAIROS,https://www.amazon.com/Games-Workshop-Warhammer-40K-Tzeentch/dp/B01N5WN83Y/ref=sr_1_1?crid=26WSYAKRAZEUT&dib=eyJ2IjoiMSJ9.mZ92MUrALu-RmlPjR0AcC6JhVL_AVOsOBQ7cWObBf6OXYbEHqJtRAKxCAva-4hlbGy15YPbzVoSq2Bza92b4Zg.GP6RTlBlXoqeKiPpQm9gknLxI3KNMERJ19IhnIpYAk0&dib_tag=se&keywords=Kairos+Fateweaver&qid=1777829994&sprefix=kairos+fateweaver%2Caps%2C209&sr=8-1
Kapricus Defender/Carrier,P-223006-99120118022,https://www.amazon.com/Kapricus-Defender-Weapon-Leagues-Warhammer/dp/B0FL2YXDNQ/ref=sr_1_1?crid=9EWMBOFTWM8X&dib=eyJ2IjoiMSJ9.MSHiHsCa5jjz0hWOWsD89s93fS6IMlWCQzgl1DpUU1c.GUXsTHNnGnd0rIAKTwXG2XM-kLmX3nbnwoBeiB64aXA&dib_tag=se&keywords=Kapricus+Defender%2FCarrier+40K&qid=1777830081&sprefix=kapricus+defender%2Fcarrier+40k%2Caps%2C166&sr=8-1
Kayvaan Shrike,62-02,https://www.amazon.com/Space-Marines-Kayvaan-Shrike-Warhammer/dp/B08M6DJ925/ref=sr_1_2?crid=K3HX89S3JVAY&dib=eyJ2IjoiMSJ9.t9Sa6XkCFoXk0VIlXwAG-TGbYZ8pQPd_o0usi7PsyMPGjHj071QN20LucGBJIEps.4F0N9Y2JGjX5qvZ7Qp-Y2WF30DlMwY2zHOE7XSpvOQw&dib_tag=se&keywords=Kayvaan+Shrike+40K+mini&qid=1777830110&sprefix=kayvaan+shrike+40k+mini%2Caps%2C148&sr=8-2
Keeper of Secrets,99129915056,https://www.amazon.com/Games-Workshop-Keeper-Secrets/dp/B0CD2WVBPV/ref=sr_1_1?crid=AKR2802WMRR7&dib=eyJ2IjoiMSJ9.8NSNeIU0R39Vp1Qpcbr-NRa32qHllZW40oJOtVnLeaYSH8C1YYSU3T7ACaw3OJXSaSxjhXGJEzIf94zcNTEVcbWwlbPnIwii7SOBt6JjBgBRzmIe3PBETi486WhpDAF6tFXyGRc1ybHP1w86TvDFlL4YgO1GxT7TVYhodzcy-GSjdGKzGMqr9sGzQPDOeA9jgAbqbH5Etm5z9jp1iuTvpBuIVVkdhBdZ0dz33E_kEns.W2gcPuViQ11DlrhKOxEcafRQC_iPY0c68RtnOV4DKho&dib_tag=se&keywords=Keeper+of+Secrets&qid=1777830130&sprefix=keeper+of+secrets%2Caps%2C256&sr=8-1
Khorne Lord of Skulls,P-WE-LORD-SKULLS,
Kill Rig,50-42,https://www.amazon.com/Games-Workshop-Orks-KillRig-Miniature/dp/B09H4J1DXM/ref=sr_1_1?crid=GUC825R5I3AL&dib=eyJ2IjoiMSJ9.b0EqjXqCUPlFMN3lfa-wT0VwVi7RWIqosoN2b2FIf_VnOhxHG5Xo0JEsc_CV7-Z5nA4vbidIWzOTj1IHULY4XQ._KZxUDdmG_LPlPsYOsEtYQEr9lfcetbdoxjDyOLUApQ&dib_tag=se&keywords=Hunta+Rig&qid=1777829527&sprefix=%2Caps%2C215&sr=8-1
Kill Team: Goremongers (World Eaters),P-WE-KT-GOREMONGERS-2025,https://www.amazon.com/Games-Workshop-Warhammer-Kill-Goremongers/dp/B0FCG8V21Z/ref=sr_1_1?crid=3EO7J8Y9NX8PQ&dib=eyJ2IjoiMSJ9.59SX62v5YlJgmmboceDEDbqz5vy94lumUibYCEeebMl8ZlkR0Di3AdyB2pp_PcTZuURaHYjsRl_0RGUhKyZvFPHlCUgM5Hm22RorjVBreHtGd3B-VpfwTGmVfnu924W3ZhiWUW4k-UcBzccehifdBai10_4I7Lt_B-IHACrHfJswvpQIXLuVlsl2RKP_baHd1TFW09edTKgRNF2_t8txuA.sv9hbFbkT2vQa6tctbVYwgvSpPnJ6gOVA4A466JVhgw&dib_tag=se&keywords=Kill+Team%3A+Goremongers+%28World+Eaters%29&qid=1777830171&sprefix=kill+team+goremongers+world+eaters+%2Caps%2C239&sr=8-1
Kill Team: Hearthkyn Salvagers (Leagues of Votann),P-198770-99120118023,https://www.amazon.com/Warhammer-40k-Kill-Hearthkyn-Salvagers/dp/B0DPMXJ9JR/ref=sr_1_1?crid=3RZO54P49T8G3&dib=eyJ2IjoiMSJ9.OrGPJBTTS1wYzwLhYBZBi_WWgWS1XLG_V1gl4yu5ylEjS4zvQevGwvgejRcITBAVwQUizYodJCOSdCH9YPq7VE9YcaU3zg4ZsqTkrL81u2bKHdPw_b_TFrCR8WYLsoy47ORoF5JzDOvdhu_rOB5ADg.2S42jipmQvYbrpMOH4w2o3yEIFF6wIhYi2PmgyeUTFQ&dib_tag=se&keywords=Kill+Team%3A+Hearthkyn+Salvagers+%28Leagues+of+Votann%29&qid=1777830183&sprefix=kill+team+hearthkyn+salvagers+leagues+of+votann+%2Caps%2C156&sr=8-1
Kill Team: Hernkyn Yaegirs (Leagues of Votann),P-189754-99120118018,https://www.amazon.com/Games-Workshop-99120118018-Kill-Team/dp/B0DH4VYQ39/ref=sr_1_2?crid=1QQIPEJQFGHM3&dib=eyJ2IjoiMSJ9.Eiqeg39NWRNzGv4cdTZxbg6hSeer-mz1xUoFwnzzu5pYHrL9LimPco2ICPX9dHHNebG248Q4pn5pOD0iRsuyJaGiR87u_VGP1bPTZcqw4GAgvrvX9lQ5tkaIQTWzmb3SVWl8-E_83v6IJcUAsrSTP4hgpuP2gpEW94FfIotLwqehKHzXys1GQP0WCLxnPi27.P-MhbqoYJxZQZ5w6kgoNrExqMIEC9XAqzDlyCYvXasc&dib_tag=se&keywords=Kill+Team%3A+Hernkyn+Yaegirs+%28Leagues+of+Votann%29&qid=1777830196&sprefix=kill+team+hernkyn+yaegirs+leagues+of+votann+%2Caps%2C155&sr=8-2
Kommandos,50-43,https://www.amazon.com/Games-Workshop-Warhammer-40K-Kommandos/dp/B0FNRZZG4M/ref=sr_1_1_mod_primary_new?crid=1J16QNMXI2877&dib=eyJ2IjoiMSJ9.NXBCjBUmQjDdn-rNr-1n0qNDvfIujFUWxqpqvaWzRIM6D7VJCvtVo-0B1O5WilbSU3lI8qhIglWkaT1oQqHCu4_IzoL19hDIQOzV_V7jZGCJ4FSK-Uq92VYnJM2XVAmID0lAoKm5YFdkCC0kXgrezUnqqUBsWzNK9XUhxMk0tuND2INHYXxQJpDraYpQaE5AnEV2cZh9c7QKMD3c4ClXi0qA9irKodTMhbD9vEHNhfgVVlFuU8FEETT2eV6NQ8Ej2Ii2mdrazPq0k-DqMqSjx6KTzcWo9cl-sMYPa5IGPYE.lasG3S-UI0hhWLKZEfbd8XecH5J9VgAWeyr2-BOeZ8Q&dib_tag=se&keywords=Kommandos&qid=1777830211&sbo=RZvfv%2F%2FHxDF%2BO5021pAnSA%3D%3D&sprefix=%2Caps%2C204&sr=8-1
Kor'sarro Khan,64-01,https://www.amazon.com/Games-Workshop-Warhammer-White-KORSARRO/dp/B07W99YY6X/ref=sr_1_1?crid=22WQH9KNS93OE&dib=eyJ2IjoiMSJ9.CJkyvbZz_jPad5RHKM39GKuUklGB5bVjRPWNMOFTZuEPeMDnpHLmZFQ-x9PU4R8Wg3pD4TJEtFYrfaSFb6LJzaFuLY_olU2WLV1khV2yhk4.8MhtRWH2KYQN310A5yKPfb2Dz1W_YqQEdAwoqh6WTk8&dib_tag=se&keywords=Kor%27sarro+Khan&qid=1777830247&sprefix=%2Caps%2C186&sr=8-1
Kustom Boosta-blasta,50-44,https://www.amazon.com/Warhammer-40K-Ork-Kustom-Boosta-Blasta/dp/B07P5P9GFX/ref=sr_1_1?crid=34Z6T9DKLWSOH&dib=eyJ2IjoiMSJ9.mcUpjoa-E6SOAd60u3Rgig.q1eUoUMngAlvIPd8pK1aoLYaAV_5dpwUAphKqOoHS08&dib_tag=se&keywords=Kustom+Boosta-blasta&qid=1777830261&sprefix=kustom+boosta-blasta%2Caps%2C230&sr=8-1
Land Raider Redeemer,48-119,https://www.amazon.com/Space-Marine-Raider-Redeemer-Crusader/dp/B001GQQT2A/ref=sr_1_1?crid=1NMSL89ACLH8J&dib=eyJ2IjoiMSJ9.n6TkVKnjFWmgxXr6CDSLzBkaOZGqhNvIhsBJNNgcXqrE9QM01ESo8oeoAqeiAIEaoq4xKwQp-00wiXrFhEnu-g.My-rOoqisLK53kjDg0JFbzEay5RUYJ3OzdUdUJi6Bf4&dib_tag=se&keywords=Land+Raider+Redeemer&qid=1777830277&sprefix=land+raider+redeemer%2Caps%2C189&sr=8-1
Lhykhis,P-203618,https://www.amazon.com/Warhammer-40-000-Aeldari-Phoenix/dp/B0DV3ZNSBT/ref=sr_1_1?crid=24TFV4EHHUKNX&dib=eyJ2IjoiMSJ9.S1zIYNsJOh7q556ieQp7fQ.0Ca2SE0ifT9LvuNkBQUAP_qhgIRCXzgSUMg5BeT4TRo&dib_tag=se&keywords=Lhykhis&qid=1777830292&sprefix=%2Caps%2C188&sr=8-1
Librarian in Terminator Armour,48-120,https://www.amazon.com/GAMES-WORKSHOP-Warhammer-000-Terminator/dp/B0CBKL1G2B/ref=sr_1_1?crid=3IVWKL5OL3Q6U&dib=eyJ2IjoiMSJ9.zYochAfGnf3EnIx7AGGQwLOJnbJ7XwmSNdkxJkfydGQ5qycYa2R-kgUIvIdLJW3zpnbN4N3he0ZU8YMcNTqGDHGRVhgL4Qr3Hyhxgs7PBR-iH6dG45u5kpLJH_CKebsO.JKebvmcRBSnYP6C-9dTsnVOpVzu8awDsq95lJZDEfkk&dib_tag=se&keywords=Librarian+in+Terminator+Armour&qid=1777830302&sprefix=librarian+in+terminator+armour%2Caps%2C182&sr=8-1
Lieutenant in Reiver Armour,48-121,https://www.amazon.com/Warhammer-40k-Marines-Primaris-Lieutenant/dp/B08L44KSMZ/ref=sr_1_1?crid=1QLTYA7FABVH&dib=eyJ2IjoiMSJ9.C-seU5JUDhATJNRKTpieBg.t4kZeDLtWp7RiXZ5zzRKlMjsWfkTWpoX3Qjml4962LY&dib_tag=se&keywords=lieutenant+in+river+armour&qid=1777830317&sprefix=lieutenant+in+reiver+armour%2Caps%2C183&sr=8-1
Lieutenant with Power Sword,48-122,https://www.amazon.com/Workshop-Warhammer-Marines-Primaris-Lieutenant/dp/B07WJ7CF9D/ref=sr_1_1?crid=3AFFWNAH11Q1M&dib=eyJ2IjoiMSJ9.-HHcs0F298BvvSb-545rbd3TPrnA8qKqapPy0IR2M8pExhubsnwGo82_7stO8IEoGXnXcJTc26VytOkipbgzqg.yynvrAcwJShCi0OpwHBewaNNkuqsrvt9MQhOV-GmAdw&dib_tag=se&keywords=Lieutenant+with+Power+Sword&qid=1777830346&sprefix=lieutenant+with+power+sword%2Caps%2C197&sr=8-1
Lieutenant with Storm Shield,48-123,
Logan Grimnar,53-27,https://www.amazon.com/Games-Workshop-Warhammer-Wolves-Grimnar/dp/B0FF4T3ZF2/ref=sr_1_1?crid=2LY8DS47K1F28&dib=eyJ2IjoiMSJ9.sN-aQo8Mej4kAcq3fXcYjBzybM9GtfT7nG5L1ZQLEtrsYGK_iSLgnFQYSLF4uk_IoxqRXnOE-8bTvf6ph9tF6_L-1ZJQtYOVWfs1NboXHbChKyWIbmjbqtrhsT9bbvT_GixQ2h_eSOFeaRgSRqGvxGg-rPWO_fGtUe-1k71wmjc.Se8qEEmDdILO2ob0tt3RW6ZiN6OQFn7fRz9hSyvvOeo&dib_tag=se&keywords=Logan+Grimnar&qid=1777830478&sprefix=logan+grimnar%2Caps%2C296&sr=8-1
Lokhust Destroyer Squadron,prod4390155,https://www.amazon.com/Games-Workshop-Necron-Destroyer-Squadron/dp/B00D6H2TIK/ref=sr_1_2_mod_primary_new?crid=3LI3JIVDOW98S&dib=eyJ2IjoiMSJ9.pLreykJDJ8gRyzKVhs7ns2O2EvJbPeNmuTRFB0Zv5SvpCXOQ-9lRvCY-Ex0qXow3JkUh9X8kUYCXKdgcLtfy-QFL4zNLFz3BcoLPV3pcAJkUSXE1I-xmneAUlqGwL7n-15PNTb4ZVJ_CuB6slLcmaPFUE5aC4XODaqoXzDqBbnlRy7VM3FiaQBSAoc6rZxElPuy8HEHmsY7SfT0BQ-BUPzblhs5QKBSk4ZXtaXCr35kMeFxu52mwWx-glgCLrIcoujnxCpAbvBPPQz3EWVU4Q2vT5DUXk_wjGGWeT_NxoUc.i2J-5uPbh40vna6_UNU-jv109WySZfVmAiyZsRPg9RE&dib_tag=se&keywords=Lokhust+Destroyer+Squadron+necron&qid=1777830510&sbo=RZvfv%2F%2FHxDF%2BO5021pAnSA%3D%3D&sprefix=lokhust+destroyer+squadron+necron%2Caps%2C157&sr=8-2
Lokhust Heavy Destroyer,prod4390145,https://www.amazon.com/Games-Workshop-Warhammer-40k-Destroyer/dp/B08KHPTP7Y/ref=sr_1_1?crid=3LI3JIVDOW98S&dib=eyJ2IjoiMSJ9.pLreykJDJ8gRyzKVhs7ns2O2EvJbPeNmuTRFB0Zv5SvpCXOQ-9lRvCY-Ex0qXow3JkUh9X8kUYCXKdgcLtfy-QFL4zNLFz3BcoLPV3pcAJkUSXE1I-xmneAUlqGwL7n-15PNTb4ZVJ_CuB6slLcmaPFUE5aC4XODaqoXzDqBbnlRy7VM3FiaQBSAoc6rZxElPuy8HEHmsY7SfT0BQ-BUPzblhs5QKBSk4ZXtaXCr35kMeFxu52mwWx-glgCLrIcoujnxCpAbvBPPQz3EWVU4Q2vT5DUXk_wjGGWeT_NxoUc.i2J-5uPbh40vna6_UNU-jv109WySZfVmAiyZsRPg9RE&dib_tag=se&keywords=Lokhust+Destroyer+Squadron+necron&qid=1777830510&sprefix=lokhust+destroyer+squadron+necron%2Caps%2C157&sr=8-1
Lord Exultant,99120102206,https://www.amazon.com/Games-Workshop-Warhammer-Emperors-Children/dp/B0F3XG1KGX/ref=sr_1_1?crid=3V0H4YZBGUCDI&dib=eyJ2IjoiMSJ9.9vmiWiXa_Gyc7FDFGehqYx_u4HvU9Mojaj25khUFzE0Zkv2bpSbSvjixXGeyD3kkGWovN3a0sY6p-nOwvmD3NQ.FqLdyte0MNZp7UtryV5aw7--Eibr-7csOtd21PmZELM&dib_tag=se&keywords=Lord+Exultant&qid=1777830534&sprefix=lord+exultant%2Caps%2C169&sr=8-1
Lord Kakophonist,99120102205,https://www.amazon.com/Warhammer-40-000-Children-Kakophonist/dp/B0F3XH8X2N/ref=sr_1_1?crid=3IW6AU959XYTG&dib=eyJ2IjoiMSJ9.M6I98X6Hv0dWMDzoqcorIQ.KFwiTxe25Bx52UDR9CHcEMFqT69oZI_5b1O78KiBAHU&dib_tag=se&keywords=Lord+Kakophonist&qid=1777830549&sprefix=lord+kakophonist%2Caps%2C212&sr=8-1
Lord of Change,P-TZEENTCH-LOC,https://www.amazon.com/Games-Workshop-Warhammer-40K-Tzeentch/dp/B01N5WN83Y/ref=sr_1_1?crid=26WSYAKRAZEUT&dib=eyJ2IjoiMSJ9.mZ92MUrALu-RmlPjR0AcC6JhVL_AVOsOBQ7cWObBf6OXYbEHqJtRAKxCAva-4hlbGy15YPbzVoSq2Bza92b4Zg.GP6RTlBlXoqeKiPpQm9gknLxI3KNMERJ19IhnIpYAk0&dib_tag=se&keywords=Kairos+Fateweaver&qid=1777829994&sprefix=kairos+fateweaver%2Caps%2C209&sr=8-1
Lucius the Eternal,99120102201,https://www.amazon.com/Games-Workshop-Warhammer-Emperors-Children/dp/B0F3XG2DDJ/ref=sr_1_1?crid=20AQ9L6G2XTNS&dib=eyJ2IjoiMSJ9.UNHoOuOXLF-SaA1PODmfxiETq--CQqfcAQbChtERPN04Q00jmK3LSFd6Pt4NDu1K9jgHE05izPOmWx_JSjs6zVBYXrqhgPbMATsTYnnDE3umXN1240gaOZoM2pDFajh1sow8uBSbGQM5Sep5JjIowdsWOCYHrs8XH7CSmaV64wlzmr4hS8DLZVrDONMg0QGUtVY8rFphvtcju2ZOtPmPBevwI1sr2cnNvReXzh0ZcAI3CHfbvbO6F07MzA33hPmZOXkFj_i5nCVG69pETIZxpNf4gjRm4-juuiZUu3P5n68.8xBmDKMJmLIAVqpyfc2L1c_UlgDmePTERhmG4IFoz6s&dib_tag=se&keywords=Lucius+the+Eternal&qid=1777830567&sprefix=lucius+the+eternal%2Caps%2C193&sr=8-1
Master of Executions,P-CSM-MASTER-EXEC,https://www.amazon.com/Chaos-Space-Marines-Master-Executions/dp/B07QN8DJFK/ref=sr_1_1?crid=A9TRQRMI2O4N&dib=eyJ2IjoiMSJ9.4vOya9qPSi05qlr327NL1kwMpoV54uHjDbZCXnGB2KORR402tH2PxABNPagotvS7J9S81XLoJtxrvQgkovPv4NX7Thn1h19FcnVholt3OmhuJSnA_jGYbbuu8KLairg39LOG_t7ibhNuTl_EU7V-kdvMUlGYIdzHd8XvxNC4-fx9y3JfxdkHKNR4_d8Ai6sqOwSaCnLKGP13lnEJQbjS_rnZFoWTpK3IXXMs3Z3X2q6iRk_E6U6_3Hy-Wgz9p_4v0zJoHGnkqiJGZyA_R1jeHtxuE4rDzNU8FVuV3aMGo-8.Ptdgg_TPH-Fs5n0R1KmRiref3qUei6_OnG_OO7AZxwQ&dib_tag=se&keywords=Master+of+Executions&qid=1777830580&sprefix=master+of+executions%2Caps%2C250&sr=8-1
Maugan Ra,prod4870190,https://www.amazon.com/Games-Workshop-Maugan-Aeldari-Warhammer/dp/B09TG4HTD4/ref=sr_1_1?crid=3411MVNLR9AMS&dib=eyJ2IjoiMSJ9.9fYDxHYEp-c6UgarEmT8o-TvXnKeKtXiQjrHS-lm2jHz2GgnQI_F37eQnjXx6bqGr1LA3eoyBqZcYQpf3LjO3wKIEjNhNKUgB4k5EOlZuGHipenXNO6pD8FYZWFEuoijZnYnhoQqX0F_3Ce1W4Y1QYiazgybOFd1HGTygQ9H2P1c_S0vJusJa0zsCxjkMHHcSUNb7yK0iOMXOp4zU9XuPofpYI1keBvWRUghwSufv2M.KWaFrfjblQA40iniSHZ6h3X7IMoXDkoACP30Ni-AcdE&dib_tag=se&keywords=Maugan+Ra&qid=1777830616&sprefix=maugan+ra%2Caps%2C223&sr=8-1
Maulerfiend,99120102089,https://www.amazon.com/Games-Workshop-43-14-Warhammer-40k/dp/B07PWY44DY/ref=sr_1_1?crid=KM9WT37YF08&dib=eyJ2IjoiMSJ9.koUC4uDdhc7lZJJOcO0SF0VnsHGMQ3gHNRdDZdww2fNeicVUxslnOFt8yIHWiJ4ThUliptswBSky9Vj5H4m92ajfywO5txlBZWnIwBYjZ0lyNGKQTPNhTqKLV1-tLfpfhnznzCTKAfk983I_d7wdWgF042T-UBpajTTdEl6CVpc5CU-pfDEbjijxwlfmtxMB6I6J6wUuE73XHU_E3CzoFLwz0lanzXBvAEh7iON--s3KrnfjFqyHKz50IP1e8U5EtgC9wThOt4sArj2aP80D3PqZSfSSgK2b7FlTLOP7nHc.Ielbx7WWcX2zqtiUqNpsrKdAYLALr_Wep9fXNtavX78&dib_tag=se&keywords=Maulerfiend+40K&qid=1777830644&sprefix=maulerfiend+40%2Caps%2C172&sr=8-1
Megatrakk Scrapjet,50-45,https://www.amazon.com/Games-Workshop-99120103101-ORKS-MEGATRAKK/dp/B09FYLC8GV/ref=sr_1_1?crid=KIQRAKGYC0FZ&dib=eyJ2IjoiMSJ9.6-kBtaqvXV-iljdehLoX8fYyqb_HZwhID7BjLwHzKeXGjHj071QN20LucGBJIEps.FrOrllPZIgYvhkiGxamXYWiHIswd_cEeBzV5xd0eW5E&dib_tag=se&keywords=Megatrakk+Scrapjet&qid=1777830719&sprefix=megatrakk+scrapjet%2Caps%2C181&sr=8-1
Mek Gunz: Bubblechukka,50-46,https://www.amazon.com/Warhammer-40K-Ork-Mek-Gun/dp/B00L5JUSCK/ref=sr_1_3?crid=1S0ZZGT14AUMD&dib=eyJ2IjoiMSJ9.zIFQqMGnIuXlpZ73kpxvBX3GRCdK_wwtNufQs_3UfVRjpRM3PyHn6NnH2HgbhSm-5mIXg80sPb11F3jwCGnuCZUQ3tale9zD4-H7VNk8VoeTqVByZ3K_tj8Ev6g6XZ_VS9rhpDewjyGk5PoI2Pvgcg.RFkZvRbk8o19jsEOZHzTjo8qPSm16SyUqEFTQQrkHcw&dib_tag=se&keywords=big+mek+with+shokk+attack+gun+40k&qid=1777825048&sprefix=big+mek+with+sh%2Caps%2C194&sr=8-3
Mek Gunz: Kustom Mega-kannon,50-47,https://www.amazon.com/Warhammer-40K-Ork-Mek-Gun/dp/B00L5JUSCK/ref=sr_1_3?crid=1S0ZZGT14AUMD&dib=eyJ2IjoiMSJ9.zIFQqMGnIuXlpZ73kpxvBX3GRCdK_wwtNufQs_3UfVRjpRM3PyHn6NnH2HgbhSm-5mIXg80sPb11F3jwCGnuCZUQ3tale9zD4-H7VNk8VoeTqVByZ3K_tj8Ev6g6XZ_VS9rhpDewjyGk5PoI2Pvgcg.RFkZvRbk8o19jsEOZHzTjo8qPSm16SyUqEFTQQrkHcw&dib_tag=se&keywords=big+mek+with+shokk+attack+gun+40k&qid=1777825048&sprefix=big+mek+with+sh%2Caps%2C194&sr=8-3
Mek Gunz: Smasha Gun,50-48,https://www.amazon.com/Warhammer-40K-Ork-Mek-Gun/dp/B00L5JUSCK/ref=sr_1_3?crid=1S0ZZGT14AUMD&dib=eyJ2IjoiMSJ9.zIFQqMGnIuXlpZ73kpxvBX3GRCdK_wwtNufQs_3UfVRjpRM3PyHn6NnH2HgbhSm-5mIXg80sPb11F3jwCGnuCZUQ3tale9zD4-H7VNk8VoeTqVByZ3K_tj8Ev6g6XZ_VS9rhpDewjyGk5PoI2Pvgcg.RFkZvRbk8o19jsEOZHzTjo8qPSm16SyUqEFTQQrkHcw&dib_tag=se&keywords=big+mek+with+shokk+attack+gun+40k&qid=1777825048&sprefix=big+mek+with+sh%2Caps%2C194&sr=8-3
Mek Gunz: Traktor Kannon,50-49,https://www.amazon.com/Warhammer-40K-Ork-Mek-Gun/dp/B00L5JUSCK/ref=sr_1_3?crid=1S0ZZGT14AUMD&dib=eyJ2IjoiMSJ9.zIFQqMGnIuXlpZ73kpxvBX3GRCdK_wwtNufQs_3UfVRjpRM3PyHn6NnH2HgbhSm-5mIXg80sPb11F3jwCGnuCZUQ3tale9zD4-H7VNk8VoeTqVByZ3K_tj8Ev6g6XZ_VS9rhpDewjyGk5PoI2Pvgcg.RFkZvRbk8o19jsEOZHzTjo8qPSm16SyUqEFTQQrkHcw&dib_tag=se&keywords=big+mek+with+shokk+attack+gun+40k&qid=1777825048&sprefix=big+mek+with+sh%2Caps%2C194&sr=8-3
Memnyr Strategist,P-222997-99120118026,https://www.amazon.com/Games-Workshop-Leagues-Votann-Strategist/dp/B0FL3NGM8D/ref=sr_1_1?crid=13TJ4SKHSBYGY&dib=eyJ2IjoiMSJ9.m4Fi97JnRh45R0qKxdCQjpZV1by9GitL60J5E8IQzOBRziMYikZBtCKUxd5OG3fIhPSsFZTeFh4dpfAd3ai9T3-mL_1bJJN771mWZYTdAUSLpUdJfISYg4z3MIK2EyIoIYvhzUAfxXDTdwqrmTYJ4bdIQd43LnlIHIK7C8t2OL0naJERDr8HtGY0hr-imTGbBdxAz4jAfuzD9hbyc0wwf_v88dpwa1dg0JSOcN1en8A.TIylZMJlNrhtUTuiBsSE-2qJqqNOSLn91J35ocHbh5E&dib_tag=se&keywords=memory+strategist&qid=1777830735&sprefix=memnyr+strategist%2Caps%2C253&sr=8-1
Morkanaut,50-50,https://www.amazon.com/Games-Workshop-99120103088-ORKS-MORKANAUT/dp/B09HJSR7Y8/ref=sr_1_1?crid=3HOY15KEMKA95&dib=eyJ2IjoiMSJ9.qGePSH2dtREZK0GBebfim-cmcBOVRMwPUpdYGP1J1G8.NHhKBsbbWyqPI11qhYXgxWZZ2VnDa3aBqrnEZSRv9zU&dib_tag=se&keywords=Morkanaut&qid=1777834560&sprefix=morkanaut%2Caps%2C214&sr=8-1
Mozrog Skragbad,50-51,https://www.amazon.com/Games-Workshop-Mozrog-Skragbad-Miniature/dp/B09H4K1B9X/ref=sr_1_1?crid=27J07OUE08EST&dib=eyJ2IjoiMSJ9.so3vjpCD2KOKGh6Ey8sdHg.zKC2r4V6J2ENvEHQ9zP24G2FmrIxnhZNJrOrHsN3Nh4&dib_tag=se&keywords=beast+boss+on+squigosaur+40k&qid=1777824869&sprefix=beast+boss+on+%2Caps%2C168&sr=8-1
Murderfang,53-28,https://www.amazon.com/Games-Workshop-Venerable-Dreadnought-Warhammer/dp/B08K7PCLWD/ref=sr_1_1?dib=eyJ2IjoiMSJ9.nn_LaihTKL0sL49rSch17Q.mwHpdmUivfm3dee3ryKMQAyxXxIGh8TsF720E70EsfE&dib_tag=se&keywords=Murderfang&qid=1777834576&sr=8-1
Mutalith Vortex Beast,P-MUTALITH-VB,
Necron Catacomb Command Barge,prod4390158,https://www.amazon.com/Warhammer-Necrons-Catacomb-Command-Barge/dp/B08HSTJXW3/ref=sr_1_1_mod_primary_new?crid=8XT1R10SOW91&dib=eyJ2IjoiMSJ9.GdCbK6l-zP8n62XPaniUDtJctfT6LYgaDv6JxNudYLc.qLk0ye6nQDuQBUey0u4BaujApYoV-x-gjkLmMvrAm9k&dib_tag=se&keywords=Necron+Catacomb+Command+Barge&qid=1777834639&sbo=RZvfv%2F%2FHxDF%2BO5021pAnSA%3D%3D&sprefix=necron+catacomb+command+barge%2Caps%2C194&sr=8-1
Necrons Royal Court,prod4900147,
Nekrosor Ammentar,P-241017,https://www.amazon.com/Games-Workshop-Warhammer-Destroyer-Character/dp/B0GF84XVF9/ref=sr_1_1?crid=25G3Z0Q04N8JU&dib=eyJ2IjoiMSJ9.v0gi_FVpO7eBmRROQ_978SF4DI7C-I3-y1RM7WF_zYfr2fn6yh965eXQp_2Q1XmqHpl56_CfREfGb9EbVtwlWnfklHJlEQImpjh_9Nn_Kc4.rdXq2zBvae4AhE1vTCGBYIgCJNUdIPiJmYF8c6BU0ic&dib_tag=se&keywords=Nekrosor+Ammentar&qid=1777834669&sprefix=nekrosor+ammentar%2Caps%2C171&sr=8-1
Nighthaunt Knight of Shrouds,91-15,
Night Scythe,prod4390159,https://www.amazon.com/Warhammer-40k-Necrons-Doom-Scythe/dp/B08GC4PD6K/ref=sr_1_1?crid=1ID3INKKDBHX6&dib=eyJ2IjoiMSJ9.IZtT0duCJztwSg5H_BON1fUaL0rD_MtrEEUh2IEBfUKtPMh6yQgLeecK1tWBGdOxV-0-YgvJhrXMaU9s19zZ2Jdgvo-mZfYHXctEG36V5LXoK_n6-PRPIzUnB6ZA9fJJB588JMinW0VQ4MhItOM_Xs2sBm20BA7pRR_x4yJoosiOHX34iaTlr-KzzFAfBimiGKXH5h2NilbggMQq142QeTZiNeo9yaLq5V_XAn9NTIhMvHCiMjeB5kITuvaSxmKuvVVblaN2d0BuY5cmFJfuZd_WGLVs8JneEnViO7tMdKI.ITJDgKPnolEQkovZhbC4w2MJSvvlSMmeMcT0EVejIpg&dib_tag=se&keywords=Night+Scythe&qid=1777834856&sprefix=night+scythe%2Caps%2C186&sr=8-1
Night Spinner,prod2180123,https://www.amazon.com/Games-Workshop-Warhammer-Eldar-Spinner/dp/B003P0YRLA/ref=sr_1_1?crid=3RYOY5LR6V9KX&dib=eyJ2IjoiMSJ9.EqWQ4A3BZcqN733b2U7GEqIrDJ94RPl1mXS-TEkpaZp_Id5gU4t1bKZ9oKZu0O2sTOJY97Y6WesCL3zNngSr5HikiV78FZR-hDISRDxxgSNnX59yU8VV-kQCVJvpRz9tm-x0zk9KJ9i7iEAwJC9AbIY_wR0w5VAwTUv6X_hF7_4sYcpStuXHEVkicXlfjwF000RrbGdG-rcA8A-VQRiZlcZ7yjO3fovgGyZeDva2BHN2Bl5rO0c4-f50FYSJIa6jvunOc_X9tCBqfkjUUGBEEo-QlO5yUgkc3BOTe3fVtVY.pSaTN_IZWV4CQxtkPTdgOkF7brit5eZKgbZlgUBJ8Ig&dib_tag=se&keywords=Fire+Prism&qid=1777828995&sprefix=fire+prism%2Caps%2C185&sr=8-1
Njal Stormcaller,53-29,https://www.amazon.com/Games-Workshop-Warhammer-Wolves-Stormcaller/dp/B0FF4RG3PC/ref=sr_1_1?crid=2UUN2ML3V308M&dib=eyJ2IjoiMSJ9.i54jXTiU1X1MwEV1Kq83YJBxMgojcrp2bZtH-AspgZ-fsmMspUB7WDjHDxN0neD3bKfGqJ3_i8ebJ6f8A8LlBih4XUoGkPOoOL6e9rwlQ_yQ9ekv_PQo7RKEcPAmfwtAT75ei_c2Ww4-TDmhT1siWA.-IOZntMHfYU-tAZi45sLkzZuOBmjJOSml9ysZ_p_tKs&dib_tag=se&keywords=Njal+Stormcaller&qid=1777834888&sprefix=njal+stormcaller%2Caps%2C197&sr=8-1
Noise Marines,99120102204,https://www.amazon.com/Games-Workshop-Warhammer-Emperors-Children/dp/B0F3XFN1D3/ref=sr_1_1?crid=2ZGG7YMFHXRTS&dib=eyJ2IjoiMSJ9.ZEX6E20d07wpb588IRq1s9A4BnoOQYLDYpM-tH5GW2RXAlI8OjN4ZHO0KNBNtleZaVGarsI35JbBeThHbHL3KVilbsrMUDMwkl0UI-mXic-y8toIs-2hi8Rqg3KYg37ZclyB_UCfoyJlc6n06_yQPYwj_tiXipW4uyvTcsT_EMpBc4lP17OlPCNs6poGVscelClRY8HajNhk1fDJtICqXu06JiSwFtcLfWjT_zbJj7FgVZ-GWLulVwbwYWJdgADv3vbKzHTrdBxuxOLoByovGLN2AY5Y2sMBAjp6FTJqMTc.Lfv3MOgQ66ZJsGAwaM-89VHNTNyusgIAgiyoC3VROCs&dib_tag=se&keywords=Noise+Marines&qid=1777834913&sprefix=noise+marines%2Caps%2C182&sr=8-1
Nurglings,prod3550127-99129915060,https://www.amazon.com/Games-Workshop-Nurglings/dp/B0B1VTZ3R7/ref=sr_1_2_mod_primary_new?crid=G98W6PLYMOIX&dib=eyJ2IjoiMSJ9.SsYcPep0ouPwJ7Zg0V8ZfBc6AcBb0kX73-T8E2ZMih5d78yQe1nJ7LvzlJLTXZVBOOiWvQlaoaCMaYuk6pw0lObYERBcwQwoEvx6m44HilrrhrW0_gxDZSKOuithOhf1za8YlvK7BwJmLUwt8Xkf39Grmca6UTRWkY47wfmR5nSbGH2dxf919gALsWhIhvT172IDFX582WjexjsVK_f0FfA0lt1xe8TLucUZtFzjCTzEGJIIQduY148afYiV3Sk8jyUdsq3x_0B6C3cUAp5Dk3tM0KdQlzjkrBJ78Hd6mIE.WXrxDSNQRf9Y8wJqmzwP7QGO-WYXPuFKF8n420tsINM&dib_tag=se&keywords=Nurglings&qid=1777834924&sbo=RZvfv%2F%2FHxDF%2BO5021pAnSA%3D%3D&sprefix=nurglings%2Caps%2C178&sr=8-2
Obelisk & Transcendent C'tan,prod3590140,https://www.amazon.com/Games-Workshop-Necron-Tesseract-Vault/dp/B00DQLOI3U/ref=sr_1_2?crid=1AQURRYBP9ZGQ&dib=eyJ2IjoiMSJ9.Hy_b5P1talwK5jHaZMZN9h529y_6WP85mwWR5dVEgZQAOx3iFRwA0IPmgTb0cLvX-IYrJDCTuPeDkEQxH5V68g.S2JF3uwaClKPeRGE_A0APt0Ha7gjzn4ZPpryxnhSSzA&dib_tag=se&keywords=transcendent+c%27tan+40k&qid=1777835004&sprefix=transcendent+c%27t%2Caps%2C196&sr=8-2
Ophydian Destroyers,prod4390154,https://www.amazon.com/Games-Workshop-Warhammer-40k-Destroyers/dp/B08LB7CSFD/ref=sr_1_1?crid=1KMOHOZGXBVHH&dib=eyJ2IjoiMSJ9.Fu3c0D-ovKu0V49On9KpH-rKh5bAFwDfcPV8m1QJY6_GjHj071QN20LucGBJIEps.1WHUK9OBUuCyj0JtseW09dF0UkjpPQYyFnkILCb4QUM&dib_tag=se&keywords=ophidian+destroyers&qid=1777835045&sprefix=ophydian+destroyers%2Caps%2C204&sr=8-1
Orikan the Diviner,prod4900151,https://www.amazon.com/Warhammer-40-000-Necrons-Diviner/dp/B0CNTVZSML/ref=sr_1_1?crid=2FEA3PPWQEDTI&dib=eyJ2IjoiMSJ9.a5bERK92mwtMu_mJbgFThs5qG37TlXwRXBaYCQZpUygSqrVBO5zcqSduAM0smlqo0yw2UXoQM8ZIqfwT7qtFaw.Rf77RjC6INC2uCAMuIYsGJnHoRlpZPQ3TfiGyVJiYJA&dib_tag=se&keywords=Orikan+the+Diviner&qid=1777835063&sprefix=orikan+the+diviner%2Caps%2C239&sr=8-1
Ork Beast Snagga Boyz,50-52,https://www.amazon.com/Warhammer-40-000-Beast-Snagga/dp/B09F3ZGTQC/ref=sr_1_1?crid=OAJD68XOKQ15&dib=eyJ2IjoiMSJ9.x_TJXwRIm5y13KIh6I3vlYJaTriR4krRHAnFVOwpTZjJJ0g8uCJnuMNFiFsREu0y_sXlQPttp9bVn78x83CMLp_hIGiKh0jOS-jqqBu7KvJdOHZ9AuEtb2ICckjQRSsCkJQvTxlM1-U3mjxiVXNUgAVAg1dQFHhCn6XXENvpTsx-fCmTtnWoflZN_1RhJBn2b0SPBzo2Xz6i30-u8Z0aXVEWPqQBCrtkSiAEVxg9thIN2rx5Lq-_ttmwu9CHeeZwx_RJgAvB1viepxtI4YqvJMgFbYNKDhI7WOz0qJRuzOk.4NMumsD1jMKsz8KUEBbwDAlUMmW5u4yJQ3NbZyma4y8&dib_tag=se&keywords=Ork+Beast+Snagga+Boyz&qid=1777835089&sprefix=ork+beast+snagga+boyz%2Caps%2C173&sr=8-1
Ork Burna Boyz,50-53,
Ork Deff Dread,50-16,
Ork Gretchin,50-54,https://www.amazon.com/Games-Workshop-99120103092-Runtherd-Gretchin/dp/B09HP3GMD7/ref=sr_1_2?crid=GEUMFJAE2QQY&dib=eyJ2IjoiMSJ9.tTp3KAwE12fFlCCmPueXWQSuPhgL-Tk1PVFd87EED5sKcOKweD6yfeBHahDlk8Qx-_U9CSvuVxsNbnb2mL9FWW9mODTqQ9Mexqwi_kX5UaeDFwCG5q7zFgBEhqSf9-NUrSBfvbEbjAygqsgzPFSYroksUTQgZcCIhm-LHtJiqIuSOdF0OJNNRhMMfOk6NgqpbdtxX0Lg_varPAXjsORt6QtPVv4mbxZPtX6c9Er0Po4.SiuXtuQLjP9sl15Omzws9y5ohMV1MDVk4bk4Np5CheQ&dib_tag=se&keywords=Ork+Gretchin&qid=1777835197&sprefix=ork+gretchin%2Caps%2C217&sr=8-2
Ork Mek,50-55,https://www.amazon.com/Warhammer-Games-Workshop-40-000/dp/B0D63FQV1H/ref=sr_1_1?crid=35WSRVLD78T8L&dib=eyJ2IjoiMSJ9.zHz_ksr3DP5qvCC8_4jycLfBAncAj8A59XV2aFHtzl8PLm0LY4pXDFViyAaIxEirWiwtbavXcpyOlExCKH_4MpWebnIHxID6rvT08pk5n9U6HN9yODN47VStlsm_xwnszI4lOcC1lXdL6EEKu0nK6u46jhjH_WbpECvpnf84MXu0uAZ2xDXxp57juVCoOX3kyUXnW18TxehDzQo3vK0lI6EJ4VSdWsSDjq3isoanqcM.C1yqdMA5uAy-xxKp3ffnSp9Vond1sqZzWKl9edX4Zck&dib_tag=se&keywords=Ork+Mek+boy&qid=1777835231&sprefix=ork+mek+bo%2Caps%2C148&sr=8-1
Ork Painboy,50-56,https://www.amazon.com/Games-Workshop-Warhammer-40K-Painboy/dp/B00LBAL1GU/ref=sr_1_1?crid=1Y7WQM48KRSUC&dib=eyJ2IjoiMSJ9.Y9qGP5sPU6skp4kuaurOfKqKGbr9kJaR_9fzFwrCOmzZ5tZSCVr0DeDbxEHQp_a35AS73vlRnJ7coIlXYP9WCPYrj3PDBlXbGbU3IkqBzQ9ERD1mAHGqSdh38T3uX6LNScXwnfh5KZyWehpb3v7XI4ksUTQgZcCIhm-LHtJiqIsj0zKgqs3DEVZna5Rzm_40C2_OflTRCdPhJxT-af7kQ4-hwQXIT58a4mZdf5X-Uk4.a6650gdU6m-cY8eb3XblzRkFERjjlw6WFxXaKc1m1zs&dib_tag=se&keywords=Ork+Painboy&qid=1777835272&sprefix=ork+painboy%2Caps%2C184&sr=8-1
Ork Stormboyz,50-57,https://www.amazon.com/Ork-Stormboyz-Warhammer-40K-Miniature/dp/B09HJNNY87/ref=sr_1_1?crid=2RYFG1MXJIKBG&dib=eyJ2IjoiMSJ9.aLA0UzkTyADYO99lK5Drirrn7CPx1ySlntO_bI3gqitc9eJoxaMOJGAifjGF7xJ8NLy36tc1xanWtwrufecjASBFZR11nuwbQz4TxtV_rgZvON7U3SbRuq6PZEqspFQJYnnsaJNP4sNUPcx0pzvSKsvEDiy2563CCOOjpam3Gg8N17JNRhEZXc8URXxNjA3zcCDnu2iu8z3ya7XTnnXPFHaz00mJaomHeaj83cYFdAmuxmjxm7u4jGzARMjYgKsUxiZ8TNYF3zi02gBCQOMFSE0L_EZW7YXRTgV2LUoX0mU.3WxenCQ5ts6VP3zMET6RkoxPhl2ltrNdbZ2Ws5DQk6A&dib_tag=se&keywords=Ork+Stormboyz&qid=1777835290&sprefix=ork+stormboyz%2Caps%2C209&sr=8-1
Ork Warbiker Mob,50-58,https://www.amazon.com/WAEHAMMER-000-Ork-Warbiker-Mob/dp/B07JMMP6N9/ref=sr_1_1?crid=3RC5ZFFU5C0R5&dib=eyJ2IjoiMSJ9.uvIZbmtbKL9p54C0cRNXsIkdMPYdC9rTWJyU1rf5qbbXTPSFydrzvR7giv8qazujbY_izT_FejF3naI2GMMuFrLC6R2YfRDiE5zNa5vPK7u2gcwriiTWkYA3ggpXXqfptAx9xuHbAIuuZ1vqNI1QcVl8zb3Csxx7-TlgQDn-Ttwt5-KjmSVW0RQsx7-gjEhkAZMVGsKsV_2MhnoRbk04USwC3tI52PoVgdfnGWaACZ0cj6kyC1T1yA6NaLqviyg6tt27r1JJFjcBKDX5Rm4zR56EoQ6ThonMhlnGMphfcOI.YJnR5ZuRxZIxat55QNjIy38dsa1d8KSBAkW0T-vqKqY&dib_tag=se&keywords=Ork+Warbiker+Mob&qid=1777835307&sprefix=ork+warbiker+mob%2Caps%2C202&sr=8-1
Ork Warboss with Attack Squig,50-59,
Ossiarch Bonereapers Gothizzar Harvester,94-14,
Overlord with Tachyon Arrow,prod4900150,https://www.amazon.com/Games-Workshop-Warhammer-Overlord-Translocation/dp/B0CNTVXSM6/ref=sr_1_1?crid=2B4UDGGEVELZS&dib=eyJ2IjoiMSJ9.18YyJfxuuTy4Eiak_PrX-hjAxqWfPwiOsX-uoAFSxkOYcvAz14Mi6Qpp7Si5wbmQGc8Zy4c1xrcAu5qFjAEUbuhMY6xHX_WHWPVZNa3Z0IAsZS4htEDyND1GhKYiGHlgePDtyZEZ6Puz62rGaHc1-g.aXxi18cJ_1zcETVgcV8PXDr1ktwUglGc5AX5vSqYBY0&dib_tag=se&keywords=Overlord+with+Tachyon+Arrow+necron&qid=1777835406&sprefix=overlord+with+tachyon+arrow+necron%2Caps%2C142&sr=8-1
Painboss,50-60,https://www.amazon.com/Games-Workshop-Warhammer-40-000/dp/B09H4HZ6N1/ref=sr_1_1?crid=29MTFK4KY93S0&dib=eyJ2IjoiMSJ9.LzL_2ROw9Z94BhOt6FQpoJ3Ge5ytSVsp8g_5GTyq-zM.YcomHIGGKRHHzRTNlcSrsPG-Cm-8hiHa3VO0mmyP9QQ&dib_tag=se&keywords=Painboss&qid=1777835420&sprefix=painboss%2Caps%2C175&sr=8-1
Pink Horrors of Tzeentch,P-PINK-HORRORS-40K,https://www.amazon.com/Warhammer-Workshop-Daemons-Tzeentch-Horrors/dp/B07C7FMFN8/ref=sr_1_2?crid=APT2MYWNG78O&dib=eyJ2IjoiMSJ9.n2YC0w7nH8WmuJRa_XW_tuU3KCXD9iR_q2JMppnY0CEfVieNSBAgDQGiwIz0RDPP6JItcZv0w6KMRQaHznix6D6zgW37hDsCFMvEhMWS-9E.b9n87U59f8cSPtmvCOs7peXAtDAEbwnk6stkn8q57lw&dib_tag=se&keywords=Pink+Horrors+of+Tzeentch&qid=1777835432&sprefix=pink+horrors+of+tzeentch%2Caps%2C198&sr=8-2
Plaguebearers of Nurgle,P-NURGLE-PLAGUEBEARERS-40K,https://www.amazon.com/Warhammer-40k-99129915039-Plaguebearers-Nurgle/dp/B0746GFZYZ/ref=sr_1_1?crid=VZN2D4MQJ7X5&dib=eyJ2IjoiMSJ9.42Di3AHAfLk7jII9zPuyTgpganws-Fbg0nFOlrKfEDFOLikvLftgUN8lH97pifIVjEXc5wN1XQW5LFIOShSQaGFb-Vg4ct1dhQzWa8F43-KntGj6gi3ZVgfeyCqWCtdGk3J1B9sHWVAg7F_64TcI5g.Ze_8ujTrgh-GSqyGAKaSW4L_NC7e2TJ_nIS2dwqPpVg&dib_tag=se&keywords=Plaguebearers+of+Nurgle&qid=1777835451&sprefix=plaguebearers+of+nurgle%2Caps%2C181&sr=8-1
Plague Drones of Nurgle,prod3610130-99129915038,https://www.amazon.com/Games-Workshop-Warhammer-40k-Daemons/dp/B07BQGCGSW/ref=sr_1_1?crid=2NFLLYGVRNEED&dib=eyJ2IjoiMSJ9.RSxMc9XKbCs1IoMu8Q67fJw9PJKNTvC-0bG4IjzC-bxN1pCnOwKfwqmv8pDKi5bPSqtjmcBZbdn_TnIGCAYvHBUYrQ1gHhIz7tRv5cyrzhrgUfbWXvp0Ac_KV7S6I9dpK39ykNEDu0A6EVW5_0Dm-YMhCY0yl2cp4Dvj8nvpnTB6pzeMXAaoOJLPSAzysfRu.YnaxdO25lTUGCtEjK8r46shu5YHmEI9tiR-3nD9jMw4&dib_tag=se&keywords=Plague+Drones+of+Nurgle&qid=1777835471&sprefix=plague+drones+of+nurgle%2Caps%2C230&sr=8-1
Predator Destructor,48-124,https://www.amazon.com/Space-Marines-Predator-Warhammer-000/dp/B07WJHVDFC/ref=sr_1_1_mod_primary_new?crid=LGH45UEFSBUC&dib=eyJ2IjoiMSJ9.j5qaiEGOBrT1XvLZkQ9wH_cZPZTpaktf0pN0BUS0lEfXR7zFnlP4QG7LE6ikaSGe9KjPmnDZPA3FmuJfQKoCzH6lSXu7UuUyW3tTn52gHPZMUSnPP-3Sa8M87H5wlAERs7LrdjyBjZZJahFV8xFpFVhs_hrdWlO7QeFusexnFyzYOvtA6xlLg4XHJOybwTWoFbjQEanvviiaH32Bb-Rk0kmmV96FmQHbD6pxL9F9nRdSnMvB-ersE-WXTtePLFfX.2hJoo4eN4cpjK_frvl8BsmfuxzEksq3SMYF-WTAVeCU&dib_tag=se&keywords=Predator+Destructor+space+marines&qid=1777835497&sbo=RZvfv%2F%2FHxDF%2BO5021pAnSA%3D%3D&sprefix=predator+destructor+space+marine%2Caps%2C149&sr=8-1
Primaris Librarian in Phobos Armour,48-125,https://www.amazon.com/Warhammer-Marines-Primaris-Librarian-Phobos/dp/B08GCB5F1X/ref=sr_1_1?crid=24KPLKPTCIV4I&dib=eyJ2IjoiMSJ9.PuereHYCVGFytgfUKhxlkUlj_NEd1eafaXqHioATr03GjHj071QN20LucGBJIEps.lzUpRd3OWL3Jk_94yX7KtFVCfBHzmSXBcuGob3rmmEM&dib_tag=se&keywords=Primaris+Librarian+in+Phobos+Armour&qid=1777835521&sprefix=primaris+librarian+in+phobos+armour%2Caps%2C199&sr=8-1
Rangers,prod4900144,https://www.amazon.com/Games-Workshop-Warhammer-Aeldari-Rangers/dp/B09W2SN6S5/ref=sr_1_1?crid=21292M8IQ1XJ3&dib=eyJ2IjoiMSJ9.9K72hWEcNUvZZc3n3uF36WOgCfHDI-Sy2jbF0S8yE1qkFU8ZmsX3C1rxYLO9yZo2qcEkQ4n8jH0ly6ap2lK91OHG9gpHn-y8PjUPHTNkRxPoT9ZAa_4cslampOu1R8LEUplv2yzA2UCMgKlhuPsaueqcE_ONo-wHYpBy4PpbJPQ6CLTOAopwCYinw7ie2u9pR0rc5uzjB9FZ3wjcwmmfi9zati5ghHy2VyuNthwXSTI3YHpmmN5RJO_eNQg4sQ1wFaNOp6uVNB54kGAVmGsfCFgoO1GenozBwqBiUbiBPiA.73AgchJuzT5HkbaSWhEWHhIDn6cgoF81Q3Ht5nw8Qr0&dib_tag=se&keywords=Rangers+aeldari&qid=1777835545&sprefix=rangers+aeldari%2Caps%2C173&sr=8-1
Ravenwing Bike Squadron,44-23,https://www.amazon.com/Games-Workshop-Ravenwing-Command-Warhammer/dp/B08THMGCVL/ref=sr_1_2?crid=1KEYZBZ9FP1PP&dib=eyJ2IjoiMSJ9.ORMrrt2W_ssA5xz8PPvIzJ2hf8J6WxIaeBlIFOj15grGjHj071QN20LucGBJIEps.o3SFpyW9jAKl7FlZWj4Rfw9P5_41C1eTRvc5OO_CDO8&dib_tag=se&keywords=Ravenwing+Bike+Squadron&qid=1777835560&sprefix=ravenwing+bike+squadron%2Caps%2C167&sr=8-2
Razorback,48-126,https://www.amazon.com/Games-Workshop-99120101227-Marine-Razorback/dp/B001D1A334/ref=sr_1_1?crid=1JIFSZVMTU9DI&dib=eyJ2IjoiMSJ9.8xsJuFL4Ey21LvzWqR2qpoj7lqtVzLZduXVyRXiOdrPGjHj071QN20LucGBJIEps.CZ6kMhbqfEG6aiGZiJJrU2yLADuE5uU_vdbi2u8ODRA&dib_tag=se&keywords=Razorback+space+marine&qid=1777835585&sprefix=razorback+space+marin%2Caps%2C187&sr=8-1
Reiver Squad,48-127,https://www.amazon.com/Games-Workshop-Warhammer-40k-Primaris/dp/B08HY6TYDW/ref=sr_1_1?crid=DI0K5E2GJOTV&dib=eyJ2IjoiMSJ9.MclxqPHaam4SHFhIyWNX-a2Fg4DfewmdylmKsD8Nn9hTc3l7MbOP_0BhXs44odlLGG5FtsoZEHeRRxYa2WcViK8Ph7KOi-njP0ocdyny9nIgu9VfmaKSlR6jQ_pK8aISAHzTsosaNkUtMIAC2PfDp9hufjGX3gwWGLTOPsGDc-ht7cfNRFnufrLyYMSlrQRgYuXSU_djrDHrlSw3KQjEuRMuBBcsAMBzDaNoA-ktgME.8SdGdKMKCDNDo9j5PGUqlF4iAEGCXBXSJVut7HOYc_8&dib_tag=se&keywords=river+squad&qid=1777835611&sprefix=river+squad%2Caps%2C181&sr=8-1
Rhino,48-128,https://www.amazon.com/Games-Workshop-99120101227-Marine-Razorback/dp/B001D1A334/ref=sr_1_1?crid=17P4DUTKWO2ZJ&dib=eyJ2IjoiMSJ9.iZ7YaKZkhdUK0FS9TYq0d4YeZMtgRcZE2aCTj6MluJmmHIUXe2KDUvdUU06RqZcJ7IGZ3OXUA-Ra7ln3Q9hfc4vVDFSEq7fW_dVVY5FgWaOQRvqIshQfVNpCkVxe9ToWQzpTvQPP9QXCjJIOfXg_SyNBsKmfzqVDoOrzpjtcJf9sWi8fLyxbe2tDfOBrRhE-h2bjmq1-jwc6StEW1uIKtuJR4hKQEKBb-ubAAyapRctYBD5c3S1QUg13J4uYi23ubR21HJxXrTAywEuzRtjlOPTtuW6F0IyzMEm-ehk2J5k.e0J15L4-4sj5_6TpolsottDsk2Nw_Gpn5CMj_j68Vq0&dib_tag=se&keywords=space+marines+40k+rhino&qid=1777835692&sprefix=space+marine+40k+rhino%2Caps%2C163&sr=8-1
Rotigus,prod3700271-99129915063,https://www.amazon.com/Games-Workshop-Warhammer-AoS-40k/dp/B09RQQMXQF/ref=sr_1_1_mod_primary_new?crid=1EH4667A3JDWD&dib=eyJ2IjoiMSJ9.qTQTTZWw9JdkRy9G-BKamPW5aJlBTEg2qHFNIcsqGAPU0YH8aUWoahH1ZiSPBcgsMctQEdPdztGjFIVm1_0RlEx64RvedxL7KUmAm7RFCVtywA8qVi2TgSTLju18n4JZeVLZ0vDPBL0-sNq2VL3PvBtE2Ple4mOj3jDuE1rZXElAfHTgk-IAxLlk2klJXO6jV-ed-WxisE0p61PQoUO6XA.dbQ-kCMtCzMxiklkbVFRhqFz0gRHh1oC0vbVCY-IVWM&dib_tag=se&keywords=Rotigus+40K&qid=1777835740&sbo=RZvfv%2F%2FHxDF%2BO5021pAnSA%3D%3D&sprefix=rotigus+40k%2Caps%2C175&sr=8-1
Rukkatrukk Squigbuggy,50-61,https://www.amazon.com/Orks-Rukkatrukk-Squigbuggy-Warhammer-000/dp/B09FYQKZ3B/ref=sr_1_1?crid=179C0UAZ4382U&dib=eyJ2IjoiMSJ9.uEF-OQdilNvRsU83yW3FYM365RwJMOAWP3hmEvU0Z3s.7Inxy97bovMdaXSW-SjaQ9TI_NfgzULh-RI9kXuL5mA&dib_tag=se&keywords=Rukkatrukk+Squigbuggy&qid=1777835770&sprefix=rukkatrukk+squigbuggy%2Caps%2C199&sr=8-1
Sagitaur,prod5000437-99120118003,https://www.amazon.com/Warhammer-40k-Leagues-Votann-Sagitaur/dp/B0BK9NG2TB/ref=sr_1_2?crid=26CBNJ60Z5896&dib=eyJ2IjoiMSJ9.PXylGnmGL6Xl67RapyRLGUENNBeCNoX3frwgh_49XEumco3UNLbCjbGsFY8nQV99Zn9nzAHISLvCVIkflwkX8DurXLWdXM8D2IzOSTBmKaozp2yokLT9NKfv7atu3FXaop1-vwPOq7gVMEJMLha4C3P_H5n6mQaimKXCIaUBTiT1Hf5IgZ-uRQiPykC8rkEw8FO0rkZX6gYIlJ8pAIMsRWTZkR1SFeKfngVdar_sy65NgQQjn4suVADKDPZpluOCEIck9k5llBEwsFqkEu3Q0MaMePTvVA3bQu5wYEkgSmw.yreylEfaPIQ372r5p96Oy2D9ICCM5FTNL8DyCHEyA0M&dib_tag=se&keywords=sagittarius+40k&qid=1777835793&sprefix=sagitaur+40k%2Caps%2C263&sr=8-2
Screamers of Tzeentch,P-TZEENTCH-SCREAMERS,https://www.amazon.com/Chaos-Demons-Screamers-Tzeentch-Online/dp/B01N6YBL9B/ref=sr_1_1?crid=TI1UJFZ9F3YP&dib=eyJ2IjoiMSJ9.tLr8tBIrS7mne2ijvX1aOrx4S8zHKYYl4JkZQ6hlsCEgcLIvnQNNzBETQzeqCdSA9zMMzpsj-M5CZAiMh9rXUC9n31MGbr8bo3gQ75XiuGk.X5GaxGFs76DYWj4_v7gyqaZ0uZv3Y76fLNqXwDKXqJY&dib_tag=se&keywords=Screamers+of+Tzeentch&qid=1777835806&sprefix=screamers+of+tzeentch%2Caps%2C180&sr=8-1
Seekers of Slaanesh,99129915005,https://www.amazon.com/Seekers-Slaanesh-Warhammer-Games-Workshop/dp/B003YKLMOG/ref=sr_1_1?crid=2MWJNR8NHYH0F&dib=eyJ2IjoiMSJ9.J0BrZ78EiKWmjIdo8HkkXhnVvEKLoughJM4sTfamEdobysGQ6DtHTPwB1kPSC960-T2g_THGT7VSdBRHPDzMkgtqTcDZOCfWlGY66F9toAYCUaD33viMFDypyJAUEmRp5sGovzMjb2-f55ub6gSG6yxcNagYb4rszxJlpRmS8MWU1-zb8aUqCzN1JACoFW0Xd-7vzfkivh-j-qR3LcsRKPHeGRGZJwViVT_ViykDlliUR5zdmlSrqdQ_dgf5Q5FilIa1XyfN8tvJfWiQRNGxLWQc5m5jAZB0AMZLvF2OJI8.5IRoJLt3dqyzn7zbaDpI4Awb8ngrDC6KyKqmjSjldd0&dib_tag=se&keywords=Seekers+of+Slaanesh&qid=1777835829&sprefix=seekers+of+slaanesh%2Caps%2C250&sr=8-1
Shadowseer,prod2620121,https://www.amazon.com/Games-Workshop-Warhammer-Harlequin-Shadowseer/dp/B00U2MWDT2/ref=sr_1_1?crid=2XEMVHYAN4SEK&dib=eyJ2IjoiMSJ9.sNbKPYB5iQOP36hsNk86PwYP8AwGh6F9J4cksVofjkPdwzKiaeZEl0rwLvwBZ1FhVjV8-HhvM5_xM21WNUg3uGTOBCVZP9aYwXJhigGB7JLLvdTafa-uasOqSVoOr9DA2zW1Yzz1atqcDXLimtGfzQ0vx4EI11vf8SAgVcpk_giIcjaH8qtAxcnXcU-RYmFSAH8Jk5zGG34ESd8FyDZSK7KO45-DycZK1WlptkpUG6Y.hy1uLY7Kvup3U-Dg5ezO3lC91tL6n6inEkRaJgN-vuk&dib_tag=se&keywords=Shadowseer&qid=1777835880&sprefix=shadowseer%2Caps%2C208&sr=8-1
Shalaxi Helbane,99129915056,https://www.amazon.com/Games-Workshop-Keeper-Secrets/dp/B0CD2WVBPV/ref=sr_1_1?crid=1XVSO1EUB4S5E&dib=eyJ2IjoiMSJ9.8NSNeIU0R39Vp1Qpcbr-NTOxqbQZ52N4th-dyqhR0qjGjHj071QN20LucGBJIEps.895LLnKpg6bO3bumZUw2qI97Q64v_B6UwTL0DjZm_NI&dib_tag=se&keywords=keeper+of+secrets+40k&qid=1777835939&sprefix=keeper+of+sec%2Caps%2C190&sr=8-1
Shining Spears,prod4900142,https://www.amazon.com/Aeldari-Shining-Spears-Warhammer-000/dp/B09W2SM31C/ref=sr_1_2?crid=C4KI52Z4G9JQ&dib=eyJ2IjoiMSJ9._IPV7YMWjaqlvqYx-fr-SK55Ynwngk5oOkYFxguiGzAw3SpWgp3HwgGq1AVLXO3cqlk7ofIJU8noBrRUqtAROg.q8jCh7OqqzM0xyT4xLsV9uJOCi8GeFVgZ0u4R894wGI&dib_tag=se&keywords=Shining+Spears&qid=1777835953&sprefix=shining+spears%2Caps%2C197&sr=8-2
Shokkjump Dragsta,50-62,https://www.amazon.com/Warhammer-40K-Ork-Shokkjump-Dragsta/dp/B07P8W28C7/ref=sr_1_1?crid=27Z4MYQ63X0RC&dib=eyJ2IjoiMSJ9.p-pblbmJZ0DxQZP2nR09Eg.DaDtx3UxlsQO5A2fz45yz1tY6hCB5zVrhT089LoyOGY&dib_tag=se&keywords=Shokkjump+Dragsta&qid=1777835973&sprefix=shokkjump+dragsta%2Caps%2C161&sr=8-1
Shroud Runners,prod4900145,https://www.amazon.com/Aeldari-Shroud-Runners-Warhammer-000/dp/B09W2RF2W4/ref=sr_1_1?crid=2GMFSYS2O9Q77&dib=eyJ2IjoiMSJ9.g1CTccXb_N8eq7LLLIaElneS4k6b5nibQbPgdtHOHRp1j5vjhbWuApccOmGLZfcPpEV6R7pca76kADPCNKWLuG_wuFpUGA-4S3tXzku_ZqiFeKUto4prnLRu5JHppiCI.OyL93AdJOBHGyN8poWAnOTGV8D5wcnHMP0fCSqsFQDI&dib_tag=se&keywords=Shroud+Runners&qid=1777835985&sprefix=shroud+runners%2Caps%2C189&sr=8-1
Skarbrand the Bloodthirster,P-KHORNE-SKARBRAND,https://www.amazon.com/Games-Workshop-Skarbrand/dp/B0GDL2C7K9/ref=sr_1_1?crid=8BNI1LF3DBQB&dib=eyJ2IjoiMSJ9.tkonnQMMAze4MRhzJdrjcWdJ9h88tYUuwY37eE9aomNLMFNPcFM1Ak24iLoOrk0h.Z7RRCtSmL35yZAmYB5SR0ZMAxwMMFqD-qaEQkeMPIx4&dib_tag=se&keywords=Skarbrand&qid=1777836008&sprefix=skarbrand%2Caps%2C213&sr=8-1
Skaven Clanrats,90-10,
Skorpekh Destroyers,prod4390150,https://www.amazon.com/Games-Workshop-Warhammer-40k-Destroyer/dp/B08KXDLBWX/ref=sr_1_1?crid=3EED8DVNV9HP3&dib=eyJ2IjoiMSJ9.97kocIZhlupib_8NfWYA9KDghzsz3ShEK7rHGEp6apKviTHjDQJLuSWziJAag7P7KvHOwY1t2qP4OwIMrJacAikE9EQMcpiPIUmWiinQwkCSmv-kIAAHCnRgv-L1Spv8.FVbBuFHRS3jm8_IsWrwAGnZK8H3cvTDzQrXzpasTSOw&dib_tag=se&keywords=Skorpekh+Destroyers&qid=1777836155&sprefix=skorpekh+destroyers%2Caps%2C184&sr=8-1
Skyweavers,prod2620124,https://www.amazon.com/Aeldari-Skyweavers-Warhammer-40-000/dp/B09YMFLLVX/ref=sr_1_1?crid=36X7HIYZ63972&dib=eyJ2IjoiMSJ9.1rkoDu7AVHuI01JbnVRYOYitZSq591alJmKGbdL7LGNpgXwuaVpNVfGe3mZg8YUyumYxSDLUyaCJyjJgqpc2iF7k9fvQwxxoeeSeFJtk-npbDSznAMSeRJIf7BCv3gsDxGuZCLodPUJAKCz0j2rTq0ykuAiQrFrlSGs7MDbm9xuoQ-y98X1hJMA5LRh8LPYxQf9UAVNwY4aE0a55Z-_kcyifUdUkJrXfxd8k5cumWt0.tiSYxDYOo1Cfk6SHUqrWLYCIgxQRdTbX5k0cc0SiWFM&dib_tag=se&keywords=Skyweavers&qid=1777836170&sprefix=skyweavers%2Caps%2C178&sr=8-1
Solitaire,prod2620122,https://www.amazon.com/Games-Workshop-Warhammer-40k-Harlequin/dp/B00TBIORLA/ref=sr_1_1?crid=164WD6D9QCV4R&dib=eyJ2IjoiMSJ9.Wt9_FPbiijprID9lRS7mrRa8uu5zlYSPnyq8ZAZEZSB59xOO6P2NLyqcwnihK6_oouro27Qu-Ii_EnEtGpToZm36cHgQKI_MPN4vJVVBuAB7TF4ywOj2jvqv0yJSAzkGYjmZffGZe0vW-tC8kBFhF0ennhPJdo-vRvgjfGlBFBF78huaO7Xeln9jGD9EhwvGIz2KJqHKYFwK0FdLWqcmIJTgREmvFO_33QwuhfXlFgg.QWUXHhC67Z-lYRsw342XVBj_pK_10nfb5GciL_Yyarc&dib_tag=se&keywords=solitaire+harlequins&qid=1777836191&sprefix=solitaire+harlquin%2Caps%2C140&sr=8-1
Space Wolves Venerable Dreadnought,53-30,https://www.amazon.com/Games-Workshop-Venerable-Dreadnought-Warhammer/dp/B08K7PCLWD/ref=sr_1_1?crid=36XM8BPVWSMSH&dib=eyJ2IjoiMSJ9.5-cCCwbXeBMp5OY1LJt3emSyLT1r5_ptn-9J9M3ACgDkspyiDI_cRVOtkI9fbhZl488KcsuahDJSZ6EveMxxE10UJ0L_7KaCvhByZSvFX2ULNej_Dbp_ASTrKB-wdQYLhJOjj5z0Rx-ezYjeBf2kf_giDjB0Rjt7zhaF8D2P-qB-dNW2EWilfJOZt19_nxavwjKkBroccIa74NugJG_Ev1pRTu3fb3-WRZxmG7VOTvzpyYAO7si2OJRH-QgV9kj5U8tYnM_0R44o8WTOsmPWkcIwCRXfWZvouQUtNxqYmJM.6VTQLXpQT-1DcOKR-N13IXfIhRyLxrfEAv1-WVAfoo0&dib_tag=se&keywords=Space+Wolves+Venerable+Dreadnought&qid=1777836204&sprefix=space+wolves+venerable+dreadnought%2Caps%2C171&sr=8-1
Spiritseer,prod4240206,https://www.amazon.com/Warhammer-40-000-Craftworlds-Spiritseer/dp/B07V2PBJBC/ref=sr_1_1?crid=1ETFEZXNC466Z&dib=eyJ2IjoiMSJ9.PvX004uAWIJslu0q4XIwFD1GolJuAYjIN1lnJqZYe9K2Swt-OrWQbtpEqF4u4TDq-X_9vj7vl30OtbWD5-4FGMCQK46SYsw26Pxgel5a6DVCR5QjvOOsLN2FFxv9l5v4RvdSQvMOetnNYinRlB3AQhFg4dWClkHsb0iJWOB9yRVfMof7iqvqINxVZP1RHw06KGFMO2FFW_9gShg8M8BEWIBVk6n9fA7uq4pAtBn6gEA.D-OhR9RM_BcUyc4_rPFjjJ0a8cvpXXq8HIEMFEYdRSA&dib_tag=se&keywords=Spiritseer&qid=1777836216&sprefix=spiritseer%2Caps%2C175&sr=8-1
Squighog Boyz,50-63,https://www.amazon.com/Games-Workshop-Orks-Squighog-Boyz/dp/B09F3WDVPC/ref=sr_1_1?crid=1EAWOYRQQBWTK&dib=eyJ2IjoiMSJ9.cQLnlEWKlEbU_5daJR_Nw9DJfti-6wtSD4bfLYXa4aDNv0MayRKzXObrnkiiJ5GQ.Ayz33HXgnBOiYVoFi2ND4cu9eAVM1uRzWWgvwyTzZ_E&dib_tag=se&keywords=Squighog+Boyz&qid=1777836229&sprefix=squighog+boyz%2Caps%2C165&sr=8-1
Starfang,P-240924,https://www.amazon.com/Games-Workshop-Warhammer-40k-Aeldari/dp/B0GQVQPS9G/ref=sr_1_1_mod_primary_new?crid=A1H86UYRROOH&dib=eyJ2IjoiMSJ9.k3tvZOf4MJ6hX8NmIKe74QUwODJQpoP_KPNo__Rn8pM.Wy5x5WF-ankv1bW498zPRBW37l5CJxhaslkDw8_BiN4&dib_tag=se&keywords=Starfang+aeldari&qid=1777836251&sbo=RZvfv%2F%2FHxDF%2BO5021pAnSA%3D%3D&sprefix=starfang+aeldari%2Caps%2C163&sr=8-1
Starweaver,prod2600170,https://www.amazon.com/Aeldari-Starweaver-Warhammer-40-000/dp/B09XH827TD/ref=sr_1_1_mod_primary_new?crid=39BVW59D4WZYC&dib=eyJ2IjoiMSJ9.kAPjnH9EM4wxYUG9vJKaXe98vMAfqHgXAL8YUE_7WLV6x3X37tW_d0nxyUxWvTH2__vu2ZeGLF3tdHVKFIzCTFM2q6B9QMcnp5wecJYzb_devy3Bdso1g4vWtplBDN8FMRArLNVy9U2vFNC2XDgR5BCh30rGusNO0XQJeVEdCdoZm7zkOQsPQqxPkoJtM45kl5TXisdChZiTNtwAY5ZrNv17AA9fq9ypGPEk2QmYK2w.G6idTB4gDLlIu8QTo9N4SQXH7ct2LZ7Uv9ymvu5NZzQ&dib_tag=se&keywords=Starweaver&qid=1777836274&sbo=RZvfv%2F%2FHxDF%2BO5021pAnSA%3D%3D&sprefix=starweaver%2Caps%2C165&sr=8-1
Stompa,50-64,https://www.amazon.com/Ork-Stompa-Titan-Warhammer-40k/dp/B001UK5BCG/ref=sr_1_1?crid=HSNJ3FY8MVJ4&dib=eyJ2IjoiMSJ9.n5l1HC2i2qrKYD9sgf9GMn6wVKlOtfLOBWFdfTGQs0dReHcMXKmcBpec0BGYkABM0D-TtRFb5qDq1a2XyujbLqWEdO9MpFjB-bu5PgND3GWGn8GA-4hiL0kd3AKsznWSNVA6biaHAppS01KIaM6a6cnnSl6IE5ChjI6kvVv_6uVNI-h4_cHcU56bYLyXBsX4RQptwsT0DKw4IZafq3sG-A.5pRkLoXPwriBUrfcZ8yb0wcDoilE9dBAfK2664i5Wko&dib_tag=se&keywords=Stompa+40k&qid=1777836296&sprefix=stompa+40k%2Caps%2C155&sr=8-1
Stormcast Eternals Liberators,96-11,
Stormhawk Interceptor,48-129,https://www.amazon.com/Space-Marines-Stormhawk-Interceptor-Warhammer/dp/B08PQ7GR1V/ref=sr_1_1?crid=2XF0XVNXV9WK&dib=eyJ2IjoiMSJ9.VezESeO73ifT2trf1JaWB5g0XRxk4nC4gaHfQxeWwc0.CjYWksTbbrOxVB9bbf3tJwzUAgo1ut5ZP63Xfsyhk5Y&dib_tag=se&keywords=Stormhawk+Interceptor&qid=1777836377&sprefix=stormhawk+interceptor%2Caps%2C168&sr=8-1
Stormraven Gunship,48-130,https://www.amazon.com/Warhammer-40K-Stormraven-Gunship/dp/B08GC7RWF6/ref=sr_1_1?crid=XJBOQEVT5MHR&dib=eyJ2IjoiMSJ9.5_x5IopZJ_ylfhm5E0pDh0mL8OemRWyX4KVaavjMyV4.qK6CZ6PAK0zTPjMFWFCxlyEMDMQZujiignlzo4bVkcU&dib_tag=se&keywords=Stormraven+Gunship&qid=1777836391&sprefix=stormraven+gunship%2Caps%2C165&sr=8-1
Storm Speeder Hailstrike,48-131,https://www.amazon.com/Games-Workshop-Warhammer-Marines-Speeder/dp/B08VHDJMBK/ref=sr_1_1?crid=CFM03EJXX0R2&dib=eyJ2IjoiMSJ9.KFaNNaeeCKjDPJKJxdcOhetcm4f5R1jv3NGP5F_OMKpkn0XFNzLC1e5LVdr1QnSW.E9ukiKjUvYDuUPJoM_-t7lu-GMDp5cg_HxuJ3Ku37qs&dib_tag=se&keywords=Storm+Speeder+Hailstrike&qid=1777836406&sprefix=storm+speeder+hailstrike%2Caps%2C164&sr=8-1
Storm Speeder Hammerstrike,48-132,https://www.amazon.com/Games-Workshop-Warhammer-Marines-Speeder/dp/B08VHDJMBK/ref=sr_1_1?crid=CFM03EJXX0R2&dib=eyJ2IjoiMSJ9.KFaNNaeeCKjDPJKJxdcOhetcm4f5R1jv3NGP5F_OMKpkn0XFNzLC1e5LVdr1QnSW.E9ukiKjUvYDuUPJoM_-t7lu-GMDp5cg_HxuJ3Ku37qs&dib_tag=se&keywords=Storm+Speeder+Hailstrike&qid=1777836406&sprefix=storm+speeder+hailstrike%2Caps%2C164&sr=8-1
Storm Speeder Thunderstrike,48-133,https://www.amazon.com/Games-Workshop-Warhammer-Marines-Speeder/dp/B08VHDJMBK/ref=sr_1_1?crid=CFM03EJXX0R2&dib=eyJ2IjoiMSJ9.KFaNNaeeCKjDPJKJxdcOhetcm4f5R1jv3NGP5F_OMKpkn0XFNzLC1e5LVdr1QnSW.E9ukiKjUvYDuUPJoM_-t7lu-GMDp5cg_HxuJ3Ku37qs&dib_tag=se&keywords=Storm+Speeder+Hailstrike&qid=1777836406&sprefix=storm+speeder+hailstrike%2Caps%2C164&sr=8-1
Stormtalon Gunship,48-134,https://www.amazon.com/Space-Marines-Stormhawk-Interceptor-Warhammer/dp/B08PQ7GR1V/ref=sr_1_1?crid=1NGFQNWG9H4PE&dib=eyJ2IjoiMSJ9.-9EDcc-tSO1QtG1hDN9QQHzeMX9emP3SEAxlVXXk45oK8K_3xoyk3mSFxWZM8uApPF0BWNi0a3x6-Vm46wBdlg.H4db7chD7hVGu09ZU1aEW0cCE3aVWTs71DLu5yfgORI&dib_tag=se&keywords=Stormtalon+Gunship&qid=1777836425&sprefix=stormtalon+gunship%2Caps%2C161&sr=8-1
Suboden Khan,64-02,https://www.amazon.com/Games-Workshop-Warhammer-40K-Suboden/dp/B0G313PXHG/ref=sr_1_1_mod_primary_new?crid=3ICOW69ZNU72V&dib=eyJ2IjoiMSJ9.Keymo_c2_mSxHedsAO_jpvHUZXlIqHx8Z646LsFevM4xRacO11JBvjrT194Nb9v5ozGN77ZKVMIlM7Kb_oHWK63Pew1T4laTHxuvQskEqvk.LH7nvN5A2PoqhgCfVhi02KCTQKmuFhtKuoMpHvtlfWs&dib_tag=se&keywords=subodhan+khan+40K&qid=1777836558&sbo=RZvfv%2F%2FHxDF%2BO5021pAnSA%3D%3D&sprefix=subodhan+khan+40k%2Caps%2C172&sr=8-1
Support Weapon,prod770020a,
Swooping Hawks,P-203614,https://www.amazon.com/Games-Workshop-Warhammer-Aeldari-Swooping/dp/B0DV41PWSK/ref=sr_1_1?crid=3E8BVMCDS2UFB&dib=eyJ2IjoiMSJ9.enpDIApW8BsL3WV4KtdmI_LhqVVdXEx2ppxeSxuERCkyoXSxA1xMJhWr8v5cRvzi-JZx_aQ_XnFWTMPegy0c3eeFWiPpmiCGg928eroXRYji2OWRjO5wnADqU9Z5HhGuCsbUM17kBzpsYNuMTE7BFQ.XpG-TI7iV3gHEwNjFhEceW7NCrX2iicZHAx0e-Fx6tk&dib_tag=se&keywords=Swooping+Hawks&qid=1777836638&sprefix=%2Caps%2C408&sr=8-1
"Szarekh, The Silent King",prod4390152,https://www.amazon.com/Warhammer-40k-Szarekh-Silent-Necrons/dp/B08KHQ2T6G/ref=sr_1_1?crid=2HFZ6W9RY01XN&dib=eyJ2IjoiMSJ9.cxM9b9jPXiujnmzzd3ulbHzemJYnegEWq-1VPS5Iqte0A7dfLVBNIkeIuitgzE67a-1CAVQLccOALFU5nIs1LLxjM6mSTbwvlS8JyVOfJqs5X0hNX_vBSVeeOxA8NLWBzJatayGxlCRVq-ogMnbbmpKdEE7pGMcvn5E5QGFXm8fRUB1OhfYnvqBC6zXAOC_JIxqxe8Dn31hhYikBPJhG2m5whO85st3xN7L0mGUt69s.9gCb_ESANw_H3Wq1-gpkQ1eQ6EzROEjHCq402AT-0k4&dib_tag=se&keywords=The+Silent+King&qid=1777836717&sprefix=the+silent+king%2Caps%2C178&sr=8-1
Techmarine,48-135,https://www.amazon.com/Games-Workshop-Warhammer-40k-Techmarine/dp/B08LBB1P58/ref=sr_1_1_mod_primary_new?crid=1JZHS14L1KSMF&dib=eyJ2IjoiMSJ9.cR3sqwIHGpUG7d0IeCeD2sJkGcnJk4swlK6_JjYNEIHkvJRyCOhnX0YkUuNyMq24Cw29DqrrFsH5qZopeXaHBING7oDoeMddwPivsh47oUWLgU8XBbXVMW4YSwmz2ox17dRXxSo0uR-g5x-zrUjjUVnFEZp1V7RFQfcZKmF33bOLR4CcFanErXDUmaLet6VVugAsrpNRljSJV86o2kRc0rZFQtT3Vo5mX9K7KPjojMcXR-SpFCUTBMFLO_mGiPq8q7N8d1IMwnrFH1uDWoVxtoL5j7THrUWHaVxVguIx410.FyyUmkDqb2KpEBEvzucy1Yrt9AiC-8GgYsLJDk1mNbU&dib_tag=se&keywords=Techmarine&qid=1777836733&sbo=RZvfv%2F%2FHxDF%2BO5021pAnSA%3D%3D&sprefix=techmarine%2Caps%2C190&sr=8-1
Terminator Assault Squad,48-136,https://www.amazon.com/Games-Workshop-Warhammer-40k-Terminator/dp/B0G2ZRZ18V/ref=sr_1_1?crid=3ROYQ2M7WUP17&dib=eyJ2IjoiMSJ9.xzG3SY7pyNBFXxwXwdnEucl28pbK544whJg2q450K6MJ1ACzkYfc34BdnHBUaYHg-nuO2np9rI9P9b9L3ZSUOErLSenSiVB75rNxiilluVSOqTGbtaKBA5Q_yM7Vf6igtkbimrPPwq-lAyhOChO0g8rDY2GY0FKNslbFhFsn5eI6OI60BD10MdgSfHCUuIpLu34SJ924vbXuJ6BFeGf6RaHsE5m37_JQGHW2x4f9maRKMkKJyo0zZwruESf4vqk_TOY5prW17Tj7XVQQBTyvOkic1FkEm9QvJCcrMlvcuAw.hRG_2G9ylPLbklYnhoxXW4Kwrj0_WtBeL8caoXAAdrA&dib_tag=se&keywords=Terminator+Assault+Squad&qid=1777836745&sprefix=terminator+assault+squad%2Caps%2C181&sr=8-1
Tesseract Vault,prod3590140,https://www.amazon.com/Games-Workshop-Necron-Tesseract-Vault/dp/B00DQLOI3U/ref=sr_1_2?crid=1AQURRYBP9ZGQ&dib=eyJ2IjoiMSJ9.Hy_b5P1talwK5jHaZMZN9h529y_6WP85mwWR5dVEgZQAOx3iFRwA0IPmgTb0cLvX-IYrJDCTuPeDkEQxH5V68g.S2JF3uwaClKPeRGE_A0APt0Ha7gjzn4ZPpryxnhSSzA&dib_tag=se&keywords=transcendent+c%27tan+40k&qid=1777835004&sprefix=transcendent+c%27t%2Caps%2C196&sr=8-2
The Visarch,prod4870186,
The Yncarne,prod4870191,https://www.amazon.com/Yncarne-Aeldari-Craftworlds-Warhammer-WBGames/dp/B09WW3DV2J/ref=sr_1_1?crid=38SUW6VB245RM&dib=eyJ2IjoiMSJ9.4KyWlnXHNXb22By5uJ0hzP-tX8j0RsQMzDS6lit8YGcxyFsCYytTIj0nPuyzr-Zx40he3wa4RZzjrDNC84XRTQ.slFslHN9kRcNnqHmCTc3PPcJHg77qXVFFuRBrkrJxbk&dib_tag=se&keywords=The+Yncarne&qid=1777836818&sprefix=the+yncarne%2Caps%2C163&sr=8-1
Thousand Sons Infernal Master,43-79,https://www.amazon.com/Thousand-Sons-Infernal-Master-Warhammer/dp/B09VH1B5D6/ref=sr_1_1?crid=3R8YVGFM9GCGJ&dib=eyJ2IjoiMSJ9.ZGq6FG1v3xIOboSOONQmjNErPvSk0mYaequco6RbEFloZFy1KOaQolG0S4IEx_IAOzb4kRvAevKqLvHKEtRU_uAAWTJyW9idmKxIIFSxmJU.6dmUAglXr08oaCCMB7Z0ZuHFdwvOUemBLiwEawFVQsA&dib_tag=se&keywords=Thousand+Sons+Infernal+Master&qid=1777836830&sprefix=thousand+sons+infernal+master%2Caps%2C158&sr=8-1
Thousand Sons Sekhetar Robots,P-TS-SEKHETAR-2025,https://www.amazon.com/Games-Workshop-Warhammer-40k-Thousand/dp/B0FPDL4SKL/ref=sr_1_1_mod_primary_new?crid=2UW60N85WJLC9&dib=eyJ2IjoiMSJ9.ySxheptqk9-eePRS587Ex-e1bHVmXx3rHnZRcy8tZhXMExigKBqvDaX9MZ3lZ86dsRoHKS5C_YE--wMG5dfcyBT7UAHG-RunJMeYfvq6CJrMnievSJJHUkYevndkb2RR6-zSdMrEhrY6qWDK_2QYXhXUasHI_x32MPci0OWRKqcPzE3GW86g5lBLdgES7tqL7tYzsBkAaZKSZ1C5i7GMGQpaT-pYSs2cizjT0lJ46j_-LU7U3ah9Zp1-IOx48Khe4M1pLA51hgpg1KvkjUuxdgNb-d5ahAgPgI9jv3ALtrQ.YVYKoKhGJDFEygWcKzEVapdNn25PG8IiH6_4kKN21PA&dib_tag=se&keywords=Thousand+Sons+Sekhetar+Robots&qid=1777836844&sbo=RZvfv%2F%2FHxDF%2BO5021pAnSA%3D%3D&sprefix=thousand+sons+sekhetar+robots%2Caps%2C196&sr=8-1
Thousand Sons Tzaangors,P-TZAANGORS-40K,https://www.amazon.com/Warhammer-83-75-Tzeentch-Arcanites-Tzaangors/dp/B0BQCPFJPS/ref=sr_1_4_mod_primary_new?crid=2BFVHBF94MH8N&dib=eyJ2IjoiMSJ9.lhXJbVtT3L1erlfAEx2Xi_bBXFICFcgwlddTopNtmu1cbwQ84pc8YvmuIDtPV6-OJlwCkHJkRdYe3NpcKYEhceANLrTYiRPb2JQjnPweNnWYsgC4Zm4gfcC8nTr9yFRO.dn5Pc7jXZbuoCNCX7FbGlB29QOkeqoalqxcqydRkRTI&dib_tag=se&keywords=Thousand+Sons+Tzaangors&qid=1777836857&sbo=RZvfv%2F%2FHxDF%2BO5021pAnSA%3D%3D&sprefix=thousand+sons+tzaangors%2Caps%2C163&sr=8-4
Tomb Blades,prod3940162,https://www.amazon.com/Games-Workshop-99120110019-Necron-Blades/dp/B007Y9PUIM/ref=sr_1_1?crid=2BN2R7HG9RE9P&dib=eyJ2IjoiMSJ9.lYMwHso1kTLWGinkZ50nZbITHLkjbEs4_DJJPtSoMLQkvyruV5xXEv9wTwKZmJQ4UBk5ynbB_yoGPRo9uDs0sfdMq144x7ffSvyB99N_uzioCFt2UKAmoKhGbm4xWQfQIP7lSEqrxGuJlbcBOuX3OK4ux_pER0VV7aGYW8mqAmvdQBhKg6m5kCTj2tlQf8x98maFkl9t9Gi4Udiy7BKID6vOWEcCG_PSSU5Hw_oKbx7Bm2EHWX3nriehdZYt7SfjE7ZH2HUd3B5BcCDg5EvkB0JGRH54Ajw3rSskNBeRBQA.RwyLfYvHiLjvnuHS8a0McQfrlO-vC1yx0RUnbP4nhXU&dib_tag=se&keywords=Tomb+Blades&qid=1777836897&sprefix=tomb+blades%2Caps%2C130&sr=8-1
Tor Garadon,60-02,https://www.amazon.com/Games-Workshop-Warhammer-Imperial-Garadon/dp/B07Z8H411Z/ref=sr_1_1?crid=38MQSK9A4QBK7&dib=eyJ2IjoiMSJ9.at-2tdI26YPNy2k72Ma9G2i896hFl4noQ__qMtejlAcmaPzoX-UDp6AwDL8Fn-T1ZvHkjLPGBSvglWnYFwmfr-YdP3WJMlKdYwe04Zc03FnYcEb3a56qHYKXOFgtVaokz8P8cxbHXJLdz2bwkvv0lvRxPCkrBNCVH3hJG3js1mMiqr6arKTT4PWZTE2XT4ED-VjfeKPeoR9-KwuDyfJ-OQ.iddFV8U0m7m_T7nL8juAwav4WdCcxFSLIutumE2JHQ0&dib_tag=se&keywords=Tor+Garadon+40k&qid=1777836918&sprefix=tor+garadon+40k%2Caps%2C156&sr=8-1
Tormentors,99120102203,https://www.amazon.com/Games-Workshop-Warhammer-Emperors-Tormentors/dp/B0F3X9ZZW2/ref=sr_1_1?crid=237PERXGSWPOA&dib=eyJ2IjoiMSJ9.MJ0xnEsi5M26WCNOciGHQ8f4nPEzWXiJgiyeMVZ9yrKc-VKXB-6NESeBovtIwYulghEjfsAPixWR-A8uP230_3xTPAIvRBnqRPpa7BhjO2YKlyJGQJy-Il2DOx7axF2uj6EHe4037y3alZzWa1lTxz_9fqk-qMJ1cTSZNZO9TgQKaP4r8Bl2LvUbC4LT0T_yBfCbcNns-mCnesf1VV3ZVk31SakLgcn4U1aJYTffCXs.iFGYpX6G7yWt9rywDvNWmJ9ULIlmXWUw-RUDpLQSZ8w&dib_tag=se&keywords=Tormentors&qid=1777836937&sprefix=tormentors%2Caps%2C182&sr=8-1
Trazyn the Infinite,prod2791068,https://www.amazon.com/Games-Workshop-GW49-65-FINECAST-Infinite/dp/B0064BIS26/ref=sr_1_1?crid=20GAJHVQ2E1HF&dib=eyJ2IjoiMSJ9.sFfjWELY8wal0XqEUyMKHgrYFtXOFpakal5Yjw7YUBWWRclfFMn57ubclKxqt2fyWMptZk_roMAdOu60WUGvC7rrlq_G0R4srz7WaPG1uo1PPfxbChrnIGNyqzMCiqvvwnUP7h1NBuraYlZnAgiljw.-b-EeiFQAnIDP9sgN6-pgtOyN7PcUuGn5iQT4ULXUgw&dib_tag=se&keywords=Trazyn+the+Infinite&qid=1777836949&sprefix=trazyn+the+infinite%2Caps%2C173&sr=8-1
Triarch Praetorians,prod4390144,https://www.amazon.com/Warhammer-40-000-Necrons-Praetorians/dp/B08GBYD7LN/ref=sr_1_1?crid=151TPCMVP0OIW&dib=eyJ2IjoiMSJ9.YAcAUtkBlRNVnL8Orpx0g3h8uMMPRfzZ2MSlybhM_IK4R4EuoUQMhoBSb-POvYut.0w_9PnTfeZisDp8AdRQik-sfjHL0cpP5a4icbnaYras&dib_tag=se&keywords=Triarch+Praetorians&qid=1777836969&sprefix=triarch+praetorians%2Caps%2C172&sr=8-1
Triarch Stalker,prod4390143,
Tzaangor Enlightened,P-TZAANGOR-ENL,https://www.amazon.com/Warhammer-Tzeentch-Arcanites-Enlightened-Miniatures/dp/B01NAXLZRR/ref=sr_1_1?crid=2GBIWRJQYTK93&dib=eyJ2IjoiMSJ9.GJGzplTpt49fXGiXiBMPBJVTNig8FWEvT0MaLIHN1gmoKJBe9TGao4s60sQ7NmKsjWdQ19UFUnj5HjxRH5tl7jD3pamW6KYmIme4FXSPvpIOztHACaX8Fe1dzbSKfXxCyw10Kmlsn5ukH-fLOLnM4qhdlvu6bLI-CrIJQjkhCWY36hj8jPiRh-E0AsbqXwvj.knoOt3gE2ByxxHiCV1mJO0xILumlplKURk4TnN6TqHs&dib_tag=se&keywords=Tzaangor+Enlightened&qid=1777837045&sprefix=tzaangor+enlightened%2Caps%2C162&sr=8-1
Tzaangor Shaman,P-TZAANGOR-SHAMAN,https://www.amazon.com/Games-Workshop-Tzaangor-Shaman/dp/B0BYXWPVVP/ref=sr_1_2?crid=2JRVM6XJ2FPOA&dib=eyJ2IjoiMSJ9.CicN4GpuTDUifUyRPpJEVsDztNVDw_DaxT9AFx3SHxyCr9X_-tL9GVu0jVg5SdwcU_ZBO3DketNdZ9XTgWc4Zqavgg4g7lnQWb5RcaQTdOw.xCGhNqt4OaeuiccpBECLhX94NNVysxVQUizQM6FD2yk&dib_tag=se&keywords=Tzaangor+Shaman&qid=1777837070&sprefix=tzaangor+shaman%2Caps%2C182&sr=8-2
Tzaangor Upgrade Pack,P-TZAANGOR-UPG,
Ulrik the Slayer,53-31,https://www.amazon.com/Warhammer-Space-Wolves-Ulrik-Slayer/dp/B01BU0P86Y/ref=sr_1_1?crid=28O0EDY6J684O&dib=eyJ2IjoiMSJ9.zWrNswxIk-kNDc_ADIdW5lfxYQFA_6zXsTOdqIwsTwzGjHj071QN20LucGBJIEps.ZREFk-A_g7ppyboBLhgxd9z0qUojj4-7vB0HLWJOg1U&dib_tag=se&keywords=Ulrik+the+Slayer&qid=1777837105&sprefix=ulrik+the+slayer%2Caps%2C159&sr=8-1
Ultramarines Upgrades and Transfers,55-34,https://www.amazon.com/Games-Workshop-55-72-Ultramarines-Transfers/dp/B0FX4YGG75/ref=sr_1_2?crid=3Q7YQG4THWMFS&dib=eyJ2IjoiMSJ9.ig4xHbZJ0-9PG5ea-cH2T5uTIPwPj1x0gxdMJu9BxblbkUmgMw_ySfxbJmjFjJRwM34xM2ixeppBKzOvF9ZXzuL_8FIZ8W7G52DNVhST1gw.mARrL82oYnfEomamU3ickTGlxCV7abHdcck7yunAf2g&dib_tag=se&keywords=Ultramarines+Upgrades+and+Transfers&qid=1777837118&sprefix=ultramarines+upgrades+and+transfers%2Caps%2C162&sr=8-2
Uthar the Destined,prod5000445-99120118011,https://www.amazon.com/Warhammer-40k-Leagues-Votann-Destined/dp/B0BK9KZWZB/ref=sr_1_1?crid=JAPO4LXC0EQS&dib=eyJ2IjoiMSJ9.O1Qou-QbpUeeH6k5x9Qekp_AtH_boVVmOaFCL7vhwrqYtNon-CUNT1x4Za51dGV7LFeOFdnQW7HZkewe9e-Dbmue4nKgcE0llYNeEaf6_uzHSljAeS2Uw6Cdq_0hI6BSkKRJ-artfry9-pUIuDYg82f6Rc4sAkjVzZDnLnvnx_54rGkdFiotyv6p_pBgX_EdXLbF3AvcJ4VgSuhsVjSFSPk0PHdrjQGGF1l_qeIMTl52lYDTSGMxEoBlQujJpi1TRbJNK1hrxYuG5o2o-K3KxNp06_IWcu2v-M_km8uP_0Q.byRpineGptTqEizMEygtr0jQd4uNXVMXRuVOlqNk3l8&dib_tag=se&keywords=leagues+of+votann+40k+kahl&qid=1777829948&sprefix=Kahl+leagu%2Caps%2C217&sr=8-1
Venerable Dreadnought,48-137,https://www.amazon.com/Games-Workshop-99120101299/dp/B08KWMHRLV/ref=sr_1_3?crid=2UFBX020WTPSC&dib=eyJ2IjoiMSJ9.3p9OTJ6gGFdp200FUsgcLHeB3RJiTq9N5C0cTlnPXj-f4kpMNDg2LmLWUuAYzCQ1FpXhXoWgwHsjtLelybedtuPIPn2Uzoy0AGtvKZbIWmyZKc_YXsg9eljXs1p5D1cy74ZF9KIgiPsZDsJExQxr4mCIq4yUNk-CmFDK9LaqH2RdSEyY9Dh70-6oSB6yNvGKl_oveu9IF1aBm_s_ZiE4ydECuyCrQzoEWXF-lJCS6z01Tbz_dfPvME1aQtw6OdM69dtMRIfFDdj2wm--xQpD8lViVTOPpVYuob3VEZnMM30.k9bazG_1llojvDfuVp6B85Ic4JnLAdu7RvaVNHY2sl4&dib_tag=se&keywords=Venerable+Dreadnought&qid=1777837133&sprefix=venerable+dreadnought%2Caps%2C183&sr=8-3
Voidweaver,prod2780228,https://www.amazon.com/Aeldari-Starweaver-Warhammer-40-000/dp/B09XH827TD/ref=sr_1_1_mod_primary_new?crid=9YQ0JO2P4IHR&dib=eyJ2IjoiMSJ9.kAPjnH9EM4wxYUG9vJKaXUOwFublA79z2oiXEoSRyD_tt3gs2Ke_skYNQEez2WO2i3gv7Nhom7gs4j4nfk-aVN7vaCGboIzMahrdtX7060EfN2P1r4IzhyQ05ePhUvXuTZUi2Uf_QRt-47j8xordqPllfrOsInnFuohE98cPMG0748aI6nYEQUC7CL1PY26-X2y1BLdvCrSSfvQJhEICqpgNkXzoVM4vuwEFjpiOb-M.A5dn7K8e3kdJIDNvoyBBNItW0fL91fYjWtOkIg4gx50&dib_tag=se&keywords=Voidweaver&qid=1777837156&sbo=RZvfv%2F%2FHxDF%2BO5021pAnSA%3D%3D&sprefix=voidweaver%2Caps%2C202&sr=8-1
Vulkan He'stan,63-02,https://www.amazon.com/Warhammer-40K-Salamanders-Vulkan-HeStan/dp/B0FL37KGMP/ref=sr_1_1?crid=2AK1ZRU543HS9&dib=eyJ2IjoiMSJ9.o85WXsldxbCjDztunbG34yfPBCkxoBE3O7nJxsoVVxs.eN3Phnv-FHlUjv3wl7H0_syiYuyUcuq_Ie1D76HYybE&dib_tag=se&keywords=Vulkan+He%27stan&qid=1777837170&sprefix=vulkan+he%27stan%2Caps%2C162&sr=8-1
Warlocks,prod4870187,https://www.amazon.com/2022-Warlocks-Aeldari-Eldar-Warhammer/dp/B09TG4MXX1/ref=sr_1_1?crid=O09CEBUZES7H&dib=eyJ2IjoiMSJ9.E56fB9oqQtY7_j2e7fKHq3ZM3ocyOdPfFBM6fjBg-wupIGkvByzmNYQjHht63PdMokmiw88bX9YiJGZehda4JsCGOLOv6j6LHXEZbBlbnASOZGceH2kcxnm-4qIfmXe3O6oTA7q7eTMiCZ7J3G7QK2FEbk3uu14d6Q6vqh90kNFExe-MBIsiYT6ZlR-WPx_Msc3cZXR3eMkE42XwAH6N3aeF2dkxh0sf6y1fa-MtZlA.AwOv2gAPRtrPsyZhD05mfWGd8pIuoxwsW6EjWxUKI6Q&dib_tag=se&keywords=Warlocks&qid=1777837188&sprefix=warlocks%2Caps%2C208&sr=8-1
Warlock Skyrunner,prod3660120,https://www.amazon.com/Games-Workshop-Farseer-Skyrunner/dp/B09WNGQTBT/ref=sr_1_1?crid=1EDRVV1KQYBRS&dib=eyJ2IjoiMSJ9.yDdmJJeqkQY-COcd4CeCfNq1rmaRQSAH_GyYPwZXhT6rNsPUnGqNGojgd-lrNmv0-verTDVT8DkTTeHHQqZSMsmQTTZ65ckMEURT95KRLhc.fEHft0GB5c1DEfJvlIS3z9J2S0slR_gq356SX7OEjfc&dib_tag=se&keywords=farseer+Skyrunner&qid=1777837225&sprefix=farseer+skyrunner%2Caps%2C128&sr=8-1
Warp Spiders,P-203611,https://www.amazon.com/Warhammer-40-000-Aeldari-Spiders/dp/B0DV3Z9N17/ref=sr_1_1_mod_primary_new?crid=2BDY7NKDHAMQ4&dib=eyJ2IjoiMSJ9.c7B8Vw7D5Ok-d-6kF9SNXcgOOE7KFnRATqiKhFrJMkmf7Y7Xv-FdjQLAe15-LWz6F2DwbBSM3zYVvkJ8QR-1rQ8iw2ec2g1Vvv4Ey_Nho66XFQ5VxWeTalLvdBulTm09OWia7G-DUnrB4234m1KJvg.cqD3EkxBQH5bm5Ri8ipaE63o0Tb_P3RnH8E1KOyIyHw&dib_tag=se&keywords=Warp+Spiders&qid=1777837242&sbo=RZvfv%2F%2FHxDF%2BO5021pAnSA%3D%3D&sprefix=warp+spiders%2Caps%2C275&sr=8-1
War Walkers,P-203606,https://www.amazon.com/Games-Workshop-Warhammer-Aeldari-Walkers/dp/B0DV3WVLBL/ref=sr_1_1?crid=SL155T9KB4QO&dib=eyJ2IjoiMSJ9.I1eDoY9vSHsetyky4JPqsKHSOjSBQibDp-ZsppAMd1HVdcd4TAR2IOQkRWNqzrpdqJ-T5iBROnc7VrQ60KAs9SGETQ0zC-HjenBT2nIKT53vHjsGWdXn5pUnCscKM5tvl6mf9wpE5zfDuEUW307FQScygS3cr-KMLR_-b0Ngnzou9JGbpkX6VelkeVihnwfSojZZZoEFgMY_nSttrgCfnVvLw6vDHmP3WDocpItyjOY.Xf9n_n7TyQIUxYP_zvTGJh2mpHlZcPC3zaM2lAPvO80&dib_tag=se&keywords=War+Walkers&qid=1777837256&sprefix=war+walkers%2Caps%2C166&sr=8-1
Wazbom Blastajet,50-65,https://www.amazon.com/Orks-Dakkajet-Warhammer-40-000/dp/B09HJWQWB7/ref=sr_1_1?crid=1TKUVZ9H66CQC&dib=eyJ2IjoiMSJ9.VtHsCZsuWv1Pe2k4LQNDRQ.QFibrS-mfAVZPXcMZo_f4DMqhEJoeSE-i0zFcEpFbkA&dib_tag=se&keywords=Blitza-Bommer&qid=1777825112&sprefix=blitza-bommer%2Caps%2C181&sr=8-1#customerReviews
Weirdboy,50-66,https://www.amazon.com/Warhammer-40-000-Orks-Weirdboy/dp/B0067PX1DA/ref=sr_1_1?crid=2OH521RMCTOFO&dib=eyJ2IjoiMSJ9.jbmYYJS_wQnsdsDH8ZhdRZA19gG3v5DmB2ghLICxyCC-GQ1e7b1PLfuyCais4vZa9xsm-REYthAG8uAsQPCdO_SgHwSAYOAZfTT3T5-n5e2ku726APGvJV80LBqhKNuyHAof6IzuyeBnfUa1Vbkctz3rTK0xX5q-jRi6mz4zp2OYx1nCGQC7DnWmmGK0wC6Vn5g28eUHrZwtZejiVeZY0ZPr46GKh8SAO0w0Svy_OUQ.LWJbMO8sf4JTmDja9LmsUCN_u4qMXkSRkCud0WBlxPo&dib_tag=se&keywords=Weirdboy&qid=1777837275&sprefix=weirdboy%2Caps%2C180&sr=8-1
Windriders,prod3660121,https://www.amazon.com/Aeldari-Windriders-Warhammer-40-000/dp/B09VB7LBFK/ref=sr_1_1?crid=33IIHIFMQ5VE2&dib=eyJ2IjoiMSJ9.llvaXoP2w0NNZYx1xalIYyT1MgeSiFSbJEqqLjLzcpXywlE_MEYcfLY-8iw8aR0z1O-ikz-ZPQDCbTQlml00Om0kmoRSYJVAxj6pTcBf5J-QPwscOTx961Cdr5zJznBQnAPKdV0s89S-9VkcV83kvwd2FF3qiAKDRkvPi5QeG--NdQ5ARSGqjrQc-vh1kUA6DXrKODEzhMSy2gE8w-is2zs2y8UgK_V5KZeIkGNVeHk.AcGRr-yQIKdFdJppCeEeYRGMQSo8lXOGSx1lqDknJEg&dib_tag=se&keywords=Windriders&qid=1777837298&sprefix=windriders%2Caps%2C207&sr=8-1
Wolf Guard Battle Leader,53-32,https://www.amazon.com/SPACE-WOLVES-GUARD-BATTLE-LEADER/dp/B0FF4T51GS/ref=sr_1_1_mod_primary_new?crid=3RZ1IRDQLRE9O&dib=eyJ2IjoiMSJ9.339u3Nvl_URq7rdu13E7-8Vn_v3aPRC1w1397YKpoPAWyztYbx3Iq5K2v_AX1XnFlSstOaYS8LUiizXTQO7H7DHgzL7Jg0-lsONC02axywc.1I69H_-hyqQ1fCWJGTsSVEGWizHXkFGdciY4b_RyALA&dib_tag=se&keywords=Wolf+Guard+Battle+Leader&qid=1777837313&sbo=RZvfv%2F%2FHxDF%2BO5021pAnSA%3D%3D&sprefix=%2Caps%2C187&sr=8-1
Wolf Guard Headtakers,53-33,https://www.amazon.com/Games-Workshop-Warhammer-Wolves-Headtakers/dp/B0FF537RSN/ref=sr_1_1_mod_primary_new?crid=3DEHBLOP7W9XJ&dib=eyJ2IjoiMSJ9.X1aPXIrRTa3LhF8G50W2iw.lDL__0eS1YC8vJDrJNKydP4flzP-W92YsapLvE-G9wA&dib_tag=se&keywords=Wolf+Guard+Headtakers&qid=1777837325&sbo=RZvfv%2F%2FHxDF%2BO5021pAnSA%3D%3D&sprefix=wolf+guard+headtakers%2Caps%2C162&sr=8-1
Wolf Priest,53-34,https://www.amazon.com/Games-Workshop-Warhammer-40K-Wolves/dp/B0FF4T21SD/ref=sr_1_1?crid=3SRM62Y9PJJ01&dib=eyJ2IjoiMSJ9.aUL2wWdxk0CYLwWwiBkKuO3oY6EWhnTh88pVSJiWswoNdBZmJuP1MXLOR-1uYxwZhjHle6scLrMS9AKVV9az7c_7FKTi6fZVqkorEUxY9xmkJPl0v5FvN-s2SdUV0iZ5tbyy8_0LF3AnAqcBZjdUyOrScMue0f7ZnwOIwILy033hQtiKo3l6oPSfon_LWm3Vcm1l3XAy7eiKov-T1-qT_8zN6VmTNaODkJhdg3mSq4o.yxQvWRNfZuhL-Sl42L59S79enlJiRKogc4TSRIuBwyA&dib_tag=se&keywords=Wolf+Priest&qid=1777837346&sprefix=wolf+priest%2Caps%2C169&sr=8-1
World Eaters Exalted Eightbound,P-WE-EXL-EIGHT-2023,https://www.amazon.com/Games-Workshop-Warhammer-Exalted-Eightbound/dp/B0BTDD6Z24/ref=sr_1_1_mod_primary_new?crid=2VQM4DOLSEN58&dib=eyJ2IjoiMSJ9.bxZ4MbmXsrm7cWKnrZu8OQ.nyQPTzO3uz3uDeNXEEZrOS5PQA69lxsatWnnVSngsPw&dib_tag=se&keywords=World+Eaters+Exalted+Eightbound&qid=1777837361&sbo=RZvfv%2F%2FHxDF%2BO5021pAnSA%3D%3D&sprefix=world+eaters+exalted+eightbound%2Caps%2C194&sr=8-1
World Eaters Jakhals,P-WE-JAKHALS-2023,https://www.amazon.com/Warhammer-000-World-Eaters-Jakhals/dp/B0BTDGXMRQ/ref=sr_1_1_mod_primary_new?crid=Q8F888D9FMEY&dib=eyJ2IjoiMSJ9.Ies50DiHgXnBOxHnoM20jUnP5XbuWE9u400THlibuIdoz_hjqeKQH21v0Ee_YW2i7u1OAPRMTDoPkQHEtAmNqHRSNefw6n93tzH-cyeF7S4.AWYF7-PphB82O__VyrsurgHBuJTwA5jHz_nAOoOJm7I&dib_tag=se&keywords=world+eaters+jackals&qid=1777837371&sbo=RZvfv%2F%2FHxDF%2BO5021pAnSA%3D%3D&sprefix=world+eaters+jakhals%2Caps%2C149&sr=8-1
World Eaters Kharn the Betrayer,P-WE-KHARN-2023,https://www.amazon.com/Games-Workshop-Warhammer-MArines-Betrayer/dp/B01LVZGW31/ref=sr_1_1?crid=2GVPNZ5MA09UZ&dib=eyJ2IjoiMSJ9.n3jgRIwq4HKPJWwFufx45xHvAZieRAzYPSs7XkjaF10kojsUi5rXpRZf2kwpCF6O.SRKcKa2eJl0Tm1x6SaMdfSktZ_jZZ2VrfsR0GtIhgdY&dib_tag=se&keywords=World+Eaters+Kharn+the+Betrayer&qid=1777837385&sprefix=world+eaters+kharn+the+betrayer%2Caps%2C153&sr=8-1
World Eaters Lord Invocatus,P-WE-LORD-INVOC-2023,https://www.amazon.com/Warhammer-000-World-Eaters-Invocatus/dp/B0BTDDBHPM/ref=sr_1_1_mod_primary_new?crid=3BHMLUET3M75V&dib=eyJ2IjoiMSJ9.x839SktaVRkgRpaWV9itUaeRblMQBVCJlCZDNraig1m34ovn5fGZVXlSPjBhKSCh9916gZ3raqAzC-XD1FU2iNWALGreWxUsG6hSEJ44M0SWHZLjHwYO_L5zXt_7qDbMHACMikri4NzxBU1PIGtOhY2yrNd4l35Rmrp9ZTkV1qI8snL1vO2vPSv68U0nHLKf.S_LtNgiRZVSF4stwzzSKt7wg3YdXY_SVjL3lQefXqM0&dib_tag=se&keywords=World+Eaters+Lord+Invocatus&qid=1777837408&sbo=RZvfv%2F%2FHxDF%2BO5021pAnSA%3D%3D&sprefix=world+eaters+lord+invocatus%2Caps%2C187&sr=8-1
World Eaters Slaughterbound,P-WE-SLAUGHTER-2025,https://www.amazon.com/Warhammer-40K-World-Eaters-Slaughterbound/dp/B0FL3N1H2Z/ref=sr_1_1?crid=3DCHNXB1O09PD&dib=eyJ2IjoiMSJ9.cExzKTyvEfttqTMee28joA.FkUXxfgRR3xSNMg3lNylJYwY_8qzpozjT2lBlvpGD-4&dib_tag=se&keywords=World+Eaters+Slaughterbound&qid=1777837428&sprefix=world+eaters+slaughterbound%2Caps%2C168&sr=8-1
Wraithblades,prod3590139,https://www.amazon.com/Games-Workshop-99120104053-Warhammer-40k/dp/B074MCDX59/ref=sr_1_1_mod_primary_new?crid=A9VCUSOGR9UZ&dib=eyJ2IjoiMSJ9.uCkfrm-zhrEcMUR8pUu7LNtUbEiCH7_2ygBLzYxuIuc9ei8G8fxnp48anM7qTpozBg0Kkj04wzxxVly3N0Cu2uc2haGmfqW2u-Xii6jX94_l4vWSZ0hhIfQftUiUdGj6dbET7TH3j7Jl-EV_l5NciMJyppD9IKOx2OGauwrgom8INQlVIHXZuiX1ACJGbpbScAsL8o0ZsaUI8fPRtKg_Bg.04yQ0BIzzjkybiF49UEqBHHylRobL9gtCsYlbHOgVHk&dib_tag=se&keywords=Wraithblades&qid=1777837439&sbo=RZvfv%2F%2FHxDF%2BO5021pAnSA%3D%3D&sprefix=wraithblades%2Caps%2C170&sr=8-1
Wraithguard,prod3590128,https://www.amazon.com/Games-Workshop-99120104053-Warhammer-40k/dp/B074MCDX59/ref=sr_1_1_mod_primary_new?crid=A9VCUSOGR9UZ&dib=eyJ2IjoiMSJ9.uCkfrm-zhrEcMUR8pUu7LNtUbEiCH7_2ygBLzYxuIuc9ei8G8fxnp48anM7qTpozBg0Kkj04wzxxVly3N0Cu2uc2haGmfqW2u-Xii6jX94_l4vWSZ0hhIfQftUiUdGj6dbET7TH3j7Jl-EV_l5NciMJyppD9IKOx2OGauwrgom8INQlVIHXZuiX1ACJGbpbScAsL8o0ZsaUI8fPRtKg_Bg.04yQ0BIzzjkybiF49UEqBHHylRobL9gtCsYlbHOgVHk&dib_tag=se&keywords=Wraithblades&qid=1777837439&sbo=RZvfv%2F%2FHxDF%2BO5021pAnSA%3D%3D&sprefix=wraithblades%2Caps%2C170&sr=8-1
Wraithknight,prod3580144,https://www.amazon.com/Warhammer-46-26-40k-Eldar-Wraithknight/dp/B09VY2RWCM/ref=sr_1_1?crid=1UBCVMBBM447W&dib=eyJ2IjoiMSJ9.-_uLpirbXvJc1nmA1DT3S770H-Pm5BW2BjpQ6L69VQa3raiwav_XjzCeYsTY1LpsJPy3Tx0ujo3ip5JoXUnZ9M56oXNi6J2FDDpUqgGwHfA.Tl_BldGg2Fth-qsEd5OLwnSM9_KalwTsli86tLViHwk&dib_tag=se&keywords=Wraithknight&qid=1777837472&sprefix=wraithknight%2Caps%2C180&sr=8-1
Wraithlord,prod3530578,https://www.amazon.com/Aeldari-Wraithlord-Warhammer-40-000/dp/B09WSR9X26/ref=sr_1_2?crid=39X85BK4EYD7A&dib=eyJ2IjoiMSJ9.zaq2d_MtKqqA9zbLnpSiG3aa2kpOyF-fqMhRsLMfFsqlRcJObTUKuN3qqHSr-FlDpeFoja8KjYopYiMf5sQQE4-PMEKgrlixgW9AAztVpd8RDcFhdfaxluemFV52zAqGzHAo-TSdv0havE1B3h9zeAjcB1GXWB4w6HlHdqWsWcFwjf1cBUaGrHBEyHe0rqXZZuJBmnXCnumgY48gxwVTe98S3UkLPAF42l9pJb-m0u3SeHl59dVaP2ThE21EzOKN2MCuyrvFJb9b6wz2xCNV6HYFYPXo0P3dse1o-kKoj_s.OS7s9YtSbVWuKSrclvkTi8q2FWQ0S94Nr4bYaYUk2_o&dib_tag=se&keywords=Wraithlord&qid=1777837483&sprefix=wraithlord%2Caps%2C162&sr=8-2
Wulfen,53-35,https://www.amazon.com/Games-Workshop-Wolves-Wulfen-Warhammer/dp/B08MC65J3D/ref=sr_1_1?crid=MV2U5YDLGETJ&dib=eyJ2IjoiMSJ9.N8cMskJT2VKjUrrceEZrgHUsox1xsvoEydrkVIc8fM30MdLsY3hSfpgSmygruH4BS7sMf7reHNjq3I74-GBBwxBhbIS5ZNW7PdLMSQG004DY26RwgkmzGtQXuyNlpKupZy8mlHOgwDMvr2jsR74A-cj2u4rDWdqrY9TKobW_CAyDbkz0dCxUYYJrvpt2yg2vzwxGULwEe18fHIj0-TKxaWsrsVjJSP4fl5RUbq_Fxeeg_Ns1esLasJW1Uzx_90CnY5ArmeSTbc1dAh_TJFqnz0EWbFpQeHPOOrp6szjec24.F7nC0Ac5o8nzRF7ZmKfjKoLCOK1K_yfCgkqSOG_3T3M&dib_tag=se&keywords=Wulfen&qid=1777837509&sprefix=wulfen%2Caps%2C213&sr=8-1
Wulfen Dreadnought,53-36,https://www.amazon.com/Games-Workshop-Venerable-Dreadnought-Warhammer/dp/B08K7PCLWD/ref=sr_1_1?crid=2IUXWH833SZNM&dib=eyJ2IjoiMSJ9.3p9OTJ6gGFdp200FUsgcLPCEKU_5EsMQx48oGZfvJ-xUti2t4vXZGpIx14ho2hX9mpB7b8Gx1DS6QLUL4IegqXuQsDL0yFPWb11Ox5b1CgEEpRIiu3VduTjNGlgO2ygcpVuHyYpNQ5QR-glIYouCIA.jzaIdJ7kzmRzpK2NkRZK4SBp2qd7MiiD-LZnRl5bpJE&dib_tag=se&keywords=Wulfen+Dreadnought&qid=1777837519&sprefix=wulfen+dreadnought%2Caps%2C158&sr=8-1
Yvraine,prod4870185,
Zodgrod Wortsnagga,50-67,https://www.amazon.com/Games-Workshop-Warhammer-40k-Wortsnagga/dp/B09F4MBYRH/ref=sr_1_1?crid=115DGHV8QIWMG&dib=eyJ2IjoiMSJ9.D8GigLI4EKJwAgAtzxED-w.qn1oI3HXCd8OIDDGxlgrDEQL4iC69EGlqrXfWXiPbcw&dib_tag=se&keywords=Zodgrod+Wortsnagga&qid=1777837570&sprefix=zodgrod+wortsnagga%2Caps%2C150&sr=8-1
